rank,udise_code,school,address,school_lat,school_lng,settlement,cluster,zone,distance_m,is_nearest
1,29200803131,GOVINDARAJA NGR PS B M P,Corporation colony 4th cross Bangalore 79,12.97811,77.53472,Corporation Colony,Nagarbhavi,Central,27,yes
1,29200803131,GOVINDARAJA NGR PS B M P,Corporation colony 4th cross Bangalore 79,12.97811,77.53472,Thimmenahalli,Nagarbhavi,Central,295,no
1,29200803131,GOVINDARAJA NGR PS B M P,Corporation colony 4th cross Bangalore 79,12.97811,77.53472,Kanaka Nagar,Nagarbhavi,Central,1174,no
1,29200803131,GOVINDARAJA NGR PS B M P,Corporation colony 4th cross Bangalore 79,12.97811,77.53472,Sarkari Oni,Yeshwantpur,West,1200,no
1,29200803131,GOVINDARAJA NGR PS B M P,Corporation colony 4th cross Bangalore 79,12.97811,77.53472,Kurilingappa Garden,Nagarbhavi,Central,1240,no
1,29200803131,GOVINDARAJA NGR PS B M P,Corporation colony 4th cross Bangalore 79,12.97811,77.53472,Nanjarasappa Badavane,Nagarbhavi,Central,1713,no
1,29200803131,GOVINDARAJA NGR PS B M P,Corporation colony 4th cross Bangalore 79,12.97811,77.53472,Sumanahalli,Peenya North,North,1939,no
1,29200803131,GOVINDARAJA NGR PS B M P,Corporation colony 4th cross Bangalore 79,12.97811,77.53472,Kottigepalya,Peenya North,North,1968,no
1,29200803131,GOVINDARAJA NGR PS B M P,Corporation colony 4th cross Bangalore 79,12.97811,77.53472,Gada,JJR Nagar,Central,2034,no
1,29200803131,GOVINDARAJA NGR PS B M P,Corporation colony 4th cross Bangalore 79,12.97811,77.53472,Arfath Nagar I & II,JJR Nagar,Central,2148,no
1,29200803131,GOVINDARAJA NGR PS B M P,Corporation colony 4th cross Bangalore 79,12.97811,77.53472,7th & 8th Mn Rd Padarayanapura,JJR Nagar,Central,2186,no
1,29200803131,GOVINDARAJA NGR PS B M P,Corporation colony 4th cross Bangalore 79,12.97811,77.53472,Handigudisalu,Majestic,North,2271,no
1,29200803131,GOVINDARAJA NGR PS B M P,Corporation colony 4th cross Bangalore 79,12.97811,77.53472,IPD Salappa Layout,Rayapuram,Central,2314,no
1,29200803131,GOVINDARAJA NGR PS B M P,Corporation colony 4th cross Bangalore 79,12.97811,77.53472,VS Garden,Rayapuram,Central,2354,no
1,29200803131,GOVINDARAJA NGR PS B M P,Corporation colony 4th cross Bangalore 79,12.97811,77.53472,Devarajurs Nagar,JJR Nagar,Central,2502,no
1,29200803131,GOVINDARAJA NGR PS B M P,Corporation colony 4th cross Bangalore 79,12.97811,77.53472,Harikunte,Rayapuram,Central,2618,no
1,29200803131,GOVINDARAJA NGR PS B M P,Corporation colony 4th cross Bangalore 79,12.97811,77.53472,Vinayaka Nagar,JJR Nagar,Central,2658,no
1,29200803131,GOVINDARAJA NGR PS B M P,Corporation colony 4th cross Bangalore 79,12.97811,77.53472,Janata Colony,JJR Nagar,Central,2678,no
1,29200803131,GOVINDARAJA NGR PS B M P,Corporation colony 4th cross Bangalore 79,12.97811,77.53472,Hoysala Nagar,Nagarbhavi,Central,2707,no
1,29200803131,GOVINDARAJA NGR PS B M P,Corporation colony 4th cross Bangalore 79,12.97811,77.53472,Farookhiya Nagar I & II,JJR Nagar,Central,2745,no
1,29200803131,GOVINDARAJA NGR PS B M P,Corporation colony 4th cross Bangalore 79,12.97811,77.53472,Krishnappa Garden,Yeshwantpur,West,2783,no
1,29200803131,GOVINDARAJA NGR PS B M P,Corporation colony 4th cross Bangalore 79,12.97811,77.53472,JJR Nagar North,Rayapuram,Central,2870,no
1,29200803131,GOVINDARAJA NGR PS B M P,Corporation colony 4th cross Bangalore 79,12.97811,77.53472,Boomatha Seva Sangha,JJR Nagar,Central,2892,no
1,29200803131,GOVINDARAJA NGR PS B M P,Corporation colony 4th cross Bangalore 79,12.97811,77.53472,Gopalpura,Majestic,North,2894,no
1,29200803131,GOVINDARAJA NGR PS B M P,Corporation colony 4th cross Bangalore 79,12.97811,77.53472,JJR Nagar South,Rayapuram,Central,2950,no
1,29200803131,GOVINDARAJA NGR PS B M P,Corporation colony 4th cross Bangalore 79,12.97811,77.53472,Venkateshwara slum,Nagarbhavi,Central,2985,no
1,29200803131,GOVINDARAJA NGR PS B M P,Corporation colony 4th cross Bangalore 79,12.97811,77.53472,AK Colony,JJR Nagar,Central,3032,no
1,29200803131,GOVINDARAJA NGR PS B M P,Corporation colony 4th cross Bangalore 79,12.97811,77.53472,Devegowda slum,Nagarbhavi,Central,3037,no
1,29200803131,GOVINDARAJA NGR PS B M P,Corporation colony 4th cross Bangalore 79,12.97811,77.53472,Patankot,Nagarbhavi,Central,3047,no
1,29200803131,GOVINDARAJA NGR PS B M P,Corporation colony 4th cross Bangalore 79,12.97811,77.53472,Ashwath Nagar,JJR Nagar,Central,3082,no
1,29200803131,GOVINDARAJA NGR PS B M P,Corporation colony 4th cross Bangalore 79,12.97811,77.53472,Keshava Nagar,JJR Nagar,Central,3087,no
1,29200803131,GOVINDARAJA NGR PS B M P,Corporation colony 4th cross Bangalore 79,12.97811,77.53472,Vinny Colony,JJR Nagar,Central,3094,no
1,29200803131,GOVINDARAJA NGR PS B M P,Corporation colony 4th cross Bangalore 79,12.97811,77.53472,Minerva Mill,Majestic,North,3191,no
1,29200803131,GOVINDARAJA NGR PS B M P,Corporation colony 4th cross Bangalore 79,12.97811,77.53472,Narasimaiah Colony,JJR Nagar,Central,3192,no
1,29200803131,GOVINDARAJA NGR PS B M P,Corporation colony 4th cross Bangalore 79,12.97811,77.53472,Gangondanahalli,Nagarbhavi,Central,3209,no
1,29200803131,GOVINDARAJA NGR PS B M P,Corporation colony 4th cross Bangalore 79,12.97811,77.53472,Nagamma Nagar,JJR Nagar,Central,3264,no
1,29200803131,GOVINDARAJA NGR PS B M P,Corporation colony 4th cross Bangalore 79,12.97811,77.53472,Sanjay Nagar,JJR Nagar,Central,3295,no
1,29200803131,GOVINDARAJA NGR PS B M P,Corporation colony 4th cross Bangalore 79,12.97811,77.53472,Dayananda Nagar,Majestic,North,3411,no
1,29200803131,GOVINDARAJA NGR PS B M P,Corporation colony 4th cross Bangalore 79,12.97811,77.53472,AK Badavane,JJR Nagar,Central,3422,no
1,29200803131,GOVINDARAJA NGR PS B M P,Corporation colony 4th cross Bangalore 79,12.97811,77.53472,VST colony,Majestic,North,3449,no
1,29200803131,GOVINDARAJA NGR PS B M P,Corporation colony 4th cross Bangalore 79,12.97811,77.53472,Anjanappa Garden I & II,KR Market,Central,3474,no
1,29200803131,GOVINDARAJA NGR PS B M P,Corporation colony 4th cross Bangalore 79,12.97811,77.53472,Bhangi Colony,KR Market,Central,3599,no
1,29200803131,GOVINDARAJA NGR PS B M P,Corporation colony 4th cross Bangalore 79,12.97811,77.53472,Okalipuram,Majestic,North,3616,no
1,29200803131,GOVINDARAJA NGR PS B M P,Corporation colony 4th cross Bangalore 79,12.97811,77.53472,Kole Basawa Community Jopadi,Peenya North,North,3659,no
1,29200803131,GOVINDARAJA NGR PS B M P,Corporation colony 4th cross Bangalore 79,12.97811,77.53472,Bheemshakthi Slum,Yeshwantpur,West,3660,no
1,29200803131,GOVINDARAJA NGR PS B M P,Corporation colony 4th cross Bangalore 79,12.97811,77.53472,Kasturi Nagar,Majestic,North,3667,no
1,29200803131,GOVINDARAJA NGR PS B M P,Corporation colony 4th cross Bangalore 79,12.97811,77.53472,Gawtham Nagar,Majestic,North,3708,no
1,29200803131,GOVINDARAJA NGR PS B M P,Corporation colony 4th cross Bangalore 79,12.97811,77.53472,Sidhartha Nagar,KR Market,Central,3711,no
1,29200803131,GOVINDARAJA NGR PS B M P,Corporation colony 4th cross Bangalore 79,12.97811,77.53472,RKS,Majestic,North,3758,no
1,29200803131,GOVINDARAJA NGR PS B M P,Corporation colony 4th cross Bangalore 79,12.97811,77.53472,Old Pension Mohalla,KR Market,Central,3767,no
1,29200803131,GOVINDARAJA NGR PS B M P,Corporation colony 4th cross Bangalore 79,12.97811,77.53472,Giripuram,KR Market,Central,3768,no
1,29200803131,GOVINDARAJA NGR PS B M P,Corporation colony 4th cross Bangalore 79,12.97811,77.53472,Ganapathi Slum,Nagarbhavi,Central,3782,no
1,29200803131,GOVINDARAJA NGR PS B M P,Corporation colony 4th cross Bangalore 79,12.97811,77.53472,Anjaneya Temple,KR Market,Central,3805,no
1,29200803131,GOVINDARAJA NGR PS B M P,Corporation colony 4th cross Bangalore 79,12.97811,77.53472,Railway Station/Ambedkar Nagar,Majestic,North,3807,no
1,29200803131,GOVINDARAJA NGR PS B M P,Corporation colony 4th cross Bangalore 79,12.97811,77.53472,Vivekananda Nagar,Majestic,North,3827,no
1,29200803131,GOVINDARAJA NGR PS B M P,Corporation colony 4th cross Bangalore 79,12.97811,77.53472,Cheluvadipalya,KR Market,Central,3836,no
1,29200803131,GOVINDARAJA NGR PS B M P,Corporation colony 4th cross Bangalore 79,12.97811,77.53472,Srirampura,Majestic,North,3850,no
1,29200803131,GOVINDARAJA NGR PS B M P,Corporation colony 4th cross Bangalore 79,12.97811,77.53472,Tippu Nagar,KR Market,Central,3858,no
1,29200803131,GOVINDARAJA NGR PS B M P,Corporation colony 4th cross Bangalore 79,12.97811,77.53472,Adimoola Compound,KR Market,Central,3862,no
1,29200803131,GOVINDARAJA NGR PS B M P,Corporation colony 4th cross Bangalore 79,12.97811,77.53472,Hanumanthapura,Majestic,North,3875,no
1,29200803131,GOVINDARAJA NGR PS B M P,Corporation colony 4th cross Bangalore 79,12.97811,77.53472,Jai Bheem Nagar,Peenya - West,West,3882,no
1,29200803131,GOVINDARAJA NGR PS B M P,Corporation colony 4th cross Bangalore 79,12.97811,77.53472,Anandapuram I & II,KR Market,Central,3902,no
1,29200803131,GOVINDARAJA NGR PS B M P,Corporation colony 4th cross Bangalore 79,12.97811,77.53472,Ambedkar Nagar-97,Majestic,North,3908,no
1,29200803131,GOVINDARAJA NGR PS B M P,Corporation colony 4th cross Bangalore 79,12.97811,77.53472,Velmurugapuram,KR Market,Central,3911,no
1,29200803131,GOVINDARAJA NGR PS B M P,Corporation colony 4th cross Bangalore 79,12.97811,77.53472,Buddha Nagar,Peenya - West,West,3920,no
1,29200803131,GOVINDARAJA NGR PS B M P,Corporation colony 4th cross Bangalore 79,12.97811,77.53472,Swathanthra Nagar,Majestic,North,3947,no
1,29200803131,GOVINDARAJA NGR PS B M P,Corporation colony 4th cross Bangalore 79,12.97811,77.53472,Bhakshi Garden I & II,KR Market,Central,3953,no
1,29200803131,GOVINDARAJA NGR PS B M P,Corporation colony 4th cross Bangalore 79,12.97811,77.53472,Saw Mill Lane,KR Market,Central,3974,no
2,29200800449,BBMP HIGH SCHOOL MAGADI ROAD,BBMP HIGH SCHOOL 1ST CROSS MAGADI ROAD BANGALORE 5600239480685277,12.9753974,77.5624936,Ashwath Nagar,JJR Nagar,Central,155,yes
2,29200800449,BBMP HIGH SCHOOL MAGADI ROAD,BBMP HIGH SCHOOL 1ST CROSS MAGADI ROAD BANGALORE 5600239480685277,12.9753974,77.5624936,Gopalpura,Majestic,North,179,no
2,29200800449,BBMP HIGH SCHOOL MAGADI ROAD,BBMP HIGH SCHOOL 1ST CROSS MAGADI ROAD BANGALORE 5600239480685277,12.9753974,77.5624936,Vinny Colony,JJR Nagar,Central,212,no
2,29200800449,BBMP HIGH SCHOOL MAGADI ROAD,BBMP HIGH SCHOOL 1ST CROSS MAGADI ROAD BANGALORE 5600239480685277,12.9753974,77.5624936,Minerva Mill,Majestic,North,266,no
2,29200800449,BBMP HIGH SCHOOL MAGADI ROAD,BBMP HIGH SCHOOL 1ST CROSS MAGADI ROAD BANGALORE 5600239480685277,12.9753974,77.5624936,Keshava Nagar,JJR Nagar,Central,310,no
2,29200800449,BBMP HIGH SCHOOL MAGADI ROAD,BBMP HIGH SCHOOL 1ST CROSS MAGADI ROAD BANGALORE 5600239480685277,12.9753974,77.5624936,VST colony,Majestic,North,426,no
2,29200800449,BBMP HIGH SCHOOL MAGADI ROAD,BBMP HIGH SCHOOL 1ST CROSS MAGADI ROAD BANGALORE 5600239480685277,12.9753974,77.5624936,Nagamma Nagar,JJR Nagar,Central,850,no
2,29200800449,BBMP HIGH SCHOOL MAGADI ROAD,BBMP HIGH SCHOOL 1ST CROSS MAGADI ROAD BANGALORE 5600239480685277,12.9753974,77.5624936,Bhangi Colony,KR Market,Central,1066,no
2,29200800449,BBMP HIGH SCHOOL MAGADI ROAD,BBMP HIGH SCHOOL 1ST CROSS MAGADI ROAD BANGALORE 5600239480685277,12.9753974,77.5624936,Okalipuram,Majestic,North,1082,no
2,29200800449,BBMP HIGH SCHOOL MAGADI ROAD,BBMP HIGH SCHOOL 1ST CROSS MAGADI ROAD BANGALORE 5600239480685277,12.9753974,77.5624936,Sidhartha Nagar,KR Market,Central,1121,no
2,29200800449,BBMP HIGH SCHOOL MAGADI ROAD,BBMP HIGH SCHOOL 1ST CROSS MAGADI ROAD BANGALORE 5600239480685277,12.9753974,77.5624936,Anjanappa Garden I & II,KR Market,Central,1153,no
2,29200800449,BBMP HIGH SCHOOL MAGADI ROAD,BBMP HIGH SCHOOL 1ST CROSS MAGADI ROAD BANGALORE 5600239480685277,12.9753974,77.5624936,Bhakshi Garden I & II,KR Market,Central,1197,no
2,29200800449,BBMP HIGH SCHOOL MAGADI ROAD,BBMP HIGH SCHOOL 1ST CROSS MAGADI ROAD BANGALORE 5600239480685277,12.9753974,77.5624936,Handigudisalu,Majestic,North,1205,no
2,29200800449,BBMP HIGH SCHOOL MAGADI ROAD,BBMP HIGH SCHOOL 1ST CROSS MAGADI ROAD BANGALORE 5600239480685277,12.9753974,77.5624936,Cheluvadipalya,KR Market,Central,1208,no
2,29200800449,BBMP HIGH SCHOOL MAGADI ROAD,BBMP HIGH SCHOOL 1ST CROSS MAGADI ROAD BANGALORE 5600239480685277,12.9753974,77.5624936,Saw Mill Lane,KR Market,Central,1214,no
2,29200800449,BBMP HIGH SCHOOL MAGADI ROAD,BBMP HIGH SCHOOL 1ST CROSS MAGADI ROAD BANGALORE 5600239480685277,12.9753974,77.5624936,Harikunte,Rayapuram,Central,1224,no
2,29200800449,BBMP HIGH SCHOOL MAGADI ROAD,BBMP HIGH SCHOOL 1ST CROSS MAGADI ROAD BANGALORE 5600239480685277,12.9753974,77.5624936,Ambedkar Nagar-97,Majestic,North,1231,no
2,29200800449,BBMP HIGH SCHOOL MAGADI ROAD,BBMP HIGH SCHOOL 1ST CROSS MAGADI ROAD BANGALORE 5600239480685277,12.9753974,77.5624936,IPD Salappa Layout,Rayapuram,Central,1233,no
2,29200800449,BBMP HIGH SCHOOL MAGADI ROAD,BBMP HIGH SCHOOL 1ST CROSS MAGADI ROAD BANGALORE 5600239480685277,12.9753974,77.5624936,JJR Nagar North,Rayapuram,Central,1256,no
2,29200800449,BBMP HIGH SCHOOL MAGADI ROAD,BBMP HIGH SCHOOL 1ST CROSS MAGADI ROAD BANGALORE 5600239480685277,12.9753974,77.5624936,Lakshmanapuri,Majestic,North,1257,no
2,29200800449,BBMP HIGH SCHOOL MAGADI ROAD,BBMP HIGH SCHOOL 1ST CROSS MAGADI ROAD BANGALORE 5600239480685277,12.9753974,77.5624936,Velmurugapuram,KR Market,Central,1272,no
2,29200800449,BBMP HIGH SCHOOL MAGADI ROAD,BBMP HIGH SCHOOL 1ST CROSS MAGADI ROAD BANGALORE 5600239480685277,12.9753974,77.5624936,Old Pension Mohalla,KR Market,Central,1272,no
2,29200800449,BBMP HIGH SCHOOL MAGADI ROAD,BBMP HIGH SCHOOL 1ST CROSS MAGADI ROAD BANGALORE 5600239480685277,12.9753974,77.5624936,VS Garden,Rayapuram,Central,1296,no
2,29200800449,BBMP HIGH SCHOOL MAGADI ROAD,BBMP HIGH SCHOOL 1ST CROSS MAGADI ROAD BANGALORE 5600239480685277,12.9753974,77.5624936,Giripuram,KR Market,Central,1359,no
2,29200800449,BBMP HIGH SCHOOL MAGADI ROAD,BBMP HIGH SCHOOL 1ST CROSS MAGADI ROAD BANGALORE 5600239480685277,12.9753974,77.5624936,Vivekananda Nagar,Majestic,North,1368,no
2,29200800449,BBMP HIGH SCHOOL MAGADI ROAD,BBMP HIGH SCHOOL 1ST CROSS MAGADI ROAD BANGALORE 5600239480685277,12.9753974,77.5624936,Hanumanthappa Colony,Majestic,North,1460,no
2,29200800449,BBMP HIGH SCHOOL MAGADI ROAD,BBMP HIGH SCHOOL 1ST CROSS MAGADI ROAD BANGALORE 5600239480685277,12.9753974,77.5624936,JJR Nagar South,Rayapuram,Central,1463,no
2,29200800449,BBMP HIGH SCHOOL MAGADI ROAD,BBMP HIGH SCHOOL 1ST CROSS MAGADI ROAD BANGALORE 5600239480685277,12.9753974,77.5624936,Jolly Mohalla,KR Market,Central,1478,no
2,29200800449,BBMP HIGH SCHOOL MAGADI ROAD,BBMP HIGH SCHOOL 1ST CROSS MAGADI ROAD BANGALORE 5600239480685277,12.9753974,77.5624936,Himalaya Huts,Majestic,North,1494,no
2,29200800449,BBMP HIGH SCHOOL MAGADI ROAD,BBMP HIGH SCHOOL 1ST CROSS MAGADI ROAD BANGALORE 5600239480685277,12.9753974,77.5624936,JCW Nagar,Majestic,North,1499,no
2,29200800449,BBMP HIGH SCHOOL MAGADI ROAD,BBMP HIGH SCHOOL 1ST CROSS MAGADI ROAD BANGALORE 5600239480685277,12.9753974,77.5624936,Anjaneya Temple,KR Market,Central,1503,no
2,29200800449,BBMP HIGH SCHOOL MAGADI ROAD,BBMP HIGH SCHOOL 1ST CROSS MAGADI ROAD BANGALORE 5600239480685277,12.9753974,77.5624936,Anandapuram I & II,KR Market,Central,1504,no
2,29200800449,BBMP HIGH SCHOOL MAGADI ROAD,BBMP HIGH SCHOOL 1ST CROSS MAGADI ROAD BANGALORE 5600239480685277,12.9753974,77.5624936,Kasturi Nagar,Majestic,North,1513,no
2,29200800449,BBMP HIGH SCHOOL MAGADI ROAD,BBMP HIGH SCHOOL 1ST CROSS MAGADI ROAD BANGALORE 5600239480685277,12.9753974,77.5624936,Adimoola Compound,KR Market,Central,1518,no
2,29200800449,BBMP HIGH SCHOOL MAGADI ROAD,BBMP HIGH SCHOOL 1ST CROSS MAGADI ROAD BANGALORE 5600239480685277,12.9753974,77.5624936,Hanumanthapura,Majestic,North,1552,no
2,29200800449,BBMP HIGH SCHOOL MAGADI ROAD,BBMP HIGH SCHOOL 1ST CROSS MAGADI ROAD BANGALORE 5600239480685277,12.9753974,77.5624936,Tippu Nagar,KR Market,Central,1568,no
2,29200800449,BBMP HIGH SCHOOL MAGADI ROAD,BBMP HIGH SCHOOL 1ST CROSS MAGADI ROAD BANGALORE 5600239480685277,12.9753974,77.5624936,Gawtham Nagar,Majestic,North,1592,no
2,29200800449,BBMP HIGH SCHOOL MAGADI ROAD,BBMP HIGH SCHOOL 1ST CROSS MAGADI ROAD BANGALORE 5600239480685277,12.9753974,77.5624936,Rasaldhar Street,Majestic,North,1615,no
2,29200800449,BBMP HIGH SCHOOL MAGADI ROAD,BBMP HIGH SCHOOL 1ST CROSS MAGADI ROAD BANGALORE 5600239480685277,12.9753974,77.5624936,VV Giri colony,Majestic,North,1617,no
2,29200800449,BBMP HIGH SCHOOL MAGADI ROAD,BBMP HIGH SCHOOL 1ST CROSS MAGADI ROAD BANGALORE 5600239480685277,12.9753974,77.5624936,Srirampura,Majestic,North,1664,no
2,29200800449,BBMP HIGH SCHOOL MAGADI ROAD,BBMP HIGH SCHOOL 1ST CROSS MAGADI ROAD BANGALORE 5600239480685277,12.9753974,77.5624936,RKS,Majestic,North,1687,no
2,29200800449,BBMP HIGH SCHOOL MAGADI ROAD,BBMP HIGH SCHOOL 1ST CROSS MAGADI ROAD BANGALORE 5600239480685277,12.9753974,77.5624936,Dayananda Nagar,Majestic,North,1735,no
2,29200800449,BBMP HIGH SCHOOL MAGADI ROAD,BBMP HIGH SCHOOL 1ST CROSS MAGADI ROAD BANGALORE 5600239480685277,12.9753974,77.5624936,7th & 8th Mn Rd Padarayanapura,JJR Nagar,Central,1740,no
2,29200800449,BBMP HIGH SCHOOL MAGADI ROAD,BBMP HIGH SCHOOL 1ST CROSS MAGADI ROAD BANGALORE 5600239480685277,12.9753974,77.5624936,Farookhiya Nagar I & II,JJR Nagar,Central,1748,no
2,29200800449,BBMP HIGH SCHOOL MAGADI ROAD,BBMP HIGH SCHOOL 1ST CROSS MAGADI ROAD BANGALORE 5600239480685277,12.9753974,77.5624936,Swathanthra Nagar,Majestic,North,1771,no
2,29200800449,BBMP HIGH SCHOOL MAGADI ROAD,BBMP HIGH SCHOOL 1ST CROSS MAGADI ROAD BANGALORE 5600239480685277,12.9753974,77.5624936,Railway Station/Ambedkar Nagar,Majestic,North,1825,no
2,29200800449,BBMP HIGH SCHOOL MAGADI ROAD,BBMP HIGH SCHOOL 1ST CROSS MAGADI ROAD BANGALORE 5600239480685277,12.9753974,77.5624936,New Tharagupet,KR Market,Central,1905,no
2,29200800449,BBMP HIGH SCHOOL MAGADI ROAD,BBMP HIGH SCHOOL 1ST CROSS MAGADI ROAD BANGALORE 5600239480685277,12.9753974,77.5624936,Janata Colony,JJR Nagar,Central,2048,no
2,29200800449,BBMP HIGH SCHOOL MAGADI ROAD,BBMP HIGH SCHOOL 1ST CROSS MAGADI ROAD BANGALORE 5600239480685277,12.9753974,77.5624936,Arfath Nagar I & II,JJR Nagar,Central,2082,no
2,29200800449,BBMP HIGH SCHOOL MAGADI ROAD,BBMP HIGH SCHOOL 1ST CROSS MAGADI ROAD BANGALORE 5600239480685277,12.9753974,77.5624936,Boomatha Seva Sangha,JJR Nagar,Central,2128,no
2,29200800449,BBMP HIGH SCHOOL MAGADI ROAD,BBMP HIGH SCHOOL 1ST CROSS MAGADI ROAD BANGALORE 5600239480685277,12.9753974,77.5624936,Devarajurs Nagar,JJR Nagar,Central,2161,no
2,29200800449,BBMP HIGH SCHOOL MAGADI ROAD,BBMP HIGH SCHOOL 1ST CROSS MAGADI ROAD BANGALORE 5600239480685277,12.9753974,77.5624936,Gada,JJR Nagar,Central,2161,no
2,29200800449,BBMP HIGH SCHOOL MAGADI ROAD,BBMP HIGH SCHOOL 1ST CROSS MAGADI ROAD BANGALORE 5600239480685277,12.9753974,77.5624936,Vinayaka Nagar,JJR Nagar,Central,2176,no
2,29200800449,BBMP HIGH SCHOOL MAGADI ROAD,BBMP HIGH SCHOOL 1ST CROSS MAGADI ROAD BANGALORE 5600239480685277,12.9753974,77.5624936,Valluvarpurm,Majestic,North,2181,no
2,29200800449,BBMP HIGH SCHOOL MAGADI ROAD,BBMP HIGH SCHOOL 1ST CROSS MAGADI ROAD BANGALORE 5600239480685277,12.9753974,77.5624936,Sarkari Oni,Yeshwantpur,West,2546,no
2,29200800449,BBMP HIGH SCHOOL MAGADI ROAD,BBMP HIGH SCHOOL 1ST CROSS MAGADI ROAD BANGALORE 5600239480685277,12.9753974,77.5624936,Thimmenahalli,Nagarbhavi,Central,2743,no
2,29200800449,BBMP HIGH SCHOOL MAGADI ROAD,BBMP HIGH SCHOOL 1ST CROSS MAGADI ROAD BANGALORE 5600239480685277,12.9753974,77.5624936,Vivekananda block,Majestic,North,2821,no
2,29200800449,BBMP HIGH SCHOOL MAGADI ROAD,BBMP HIGH SCHOOL 1ST CROSS MAGADI ROAD BANGALORE 5600239480685277,12.9753974,77.5624936,Anjaneya block,Majestic,North,2867,no
2,29200800449,BBMP HIGH SCHOOL MAGADI ROAD,BBMP HIGH SCHOOL 1ST CROSS MAGADI ROAD BANGALORE 5600239480685277,12.9753974,77.5624936,Sanjay Nagar,JJR Nagar,Central,3002,no
2,29200800449,BBMP HIGH SCHOOL MAGADI ROAD,BBMP HIGH SCHOOL 1ST CROSS MAGADI ROAD BANGALORE 5600239480685277,12.9753974,77.5624936,Ramanna Garden,KR Market,Central,3022,no
2,29200800449,BBMP HIGH SCHOOL MAGADI ROAD,BBMP HIGH SCHOOL 1ST CROSS MAGADI ROAD BANGALORE 5600239480685277,12.9753974,77.5624936,Corporation Colony,Nagarbhavi,Central,3022,no
2,29200800449,BBMP HIGH SCHOOL MAGADI ROAD,BBMP HIGH SCHOOL 1ST CROSS MAGADI ROAD BANGALORE 5600239480685277,12.9753974,77.5624936,Gurappa Garden,KR Market,Central,3085,no
2,29200800449,BBMP HIGH SCHOOL MAGADI ROAD,BBMP HIGH SCHOOL 1ST CROSS MAGADI ROAD BANGALORE 5600239480685277,12.9753974,77.5624936,Vinoba nagar,KR Market,Central,3152,no
2,29200800449,BBMP HIGH SCHOOL MAGADI ROAD,BBMP HIGH SCHOOL 1ST CROSS MAGADI ROAD BANGALORE 5600239480685277,12.9753974,77.5624936,Narasimaiah Colony,JJR Nagar,Central,3232,no
2,29200800449,BBMP HIGH SCHOOL MAGADI ROAD,BBMP HIGH SCHOOL 1ST CROSS MAGADI ROAD BANGALORE 5600239480685277,12.9753974,77.5624936,AK Colony,JJR Nagar,Central,3476,no
2,29200800449,BBMP HIGH SCHOOL MAGADI ROAD,BBMP HIGH SCHOOL 1ST CROSS MAGADI ROAD BANGALORE 5600239480685277,12.9753974,77.5624936,AK Badavane,JJR Nagar,Central,3723,no
2,29200800449,BBMP HIGH SCHOOL MAGADI ROAD,BBMP HIGH SCHOOL 1ST CROSS MAGADI ROAD BANGALORE 5600239480685277,12.9753974,77.5624936,Kanaka Nagar,Nagarbhavi,Central,3742,no
2,29200800449,BBMP HIGH SCHOOL MAGADI ROAD,BBMP HIGH SCHOOL 1ST CROSS MAGADI ROAD BANGALORE 5600239480685277,12.9753974,77.5624936,Venkateshwara slum,Nagarbhavi,Central,3776,no
2,29200800449,BBMP HIGH SCHOOL MAGADI ROAD,BBMP HIGH SCHOOL 1ST CROSS MAGADI ROAD BANGALORE 5600239480685277,12.9753974,77.5624936,Bheemshakthi Slum,Yeshwantpur,West,3802,no
2,29200800449,BBMP HIGH SCHOOL MAGADI ROAD,BBMP HIGH SCHOOL 1ST CROSS MAGADI ROAD BANGALORE 5600239480685277,12.9753974,77.5624936,Kurilingappa Garden,Nagarbhavi,Central,4000,no
3,29280502514,BBMP HIGH SCHOOL SHAKTHI GANAPATHI NAGAR,BBMP HIGH SCHOOL 5th main 6th cross Dayanandanagar Bangalore,12.99028,77.56468,Dayananda Nagar,Majestic,North,169,yes
3,29280502514,BBMP HIGH SCHOOL SHAKTHI GANAPATHI NAGAR,BBMP HIGH SCHOOL 5th main 6th cross Dayanandanagar Bangalore,12.99028,77.56468,RKS,Majestic,North,283,no
3,29280502514,BBMP HIGH SCHOOL SHAKTHI GANAPATHI NAGAR,BBMP HIGH SCHOOL 5th main 6th cross Dayanandanagar Bangalore,12.99028,77.56468,Railway Station/Ambedkar Nagar,Majestic,North,290,no
3,29280502514,BBMP HIGH SCHOOL SHAKTHI GANAPATHI NAGAR,BBMP HIGH SCHOOL 5th main 6th cross Dayanandanagar Bangalore,12.99028,77.56468,Gawtham Nagar,Majestic,North,295,no
3,29280502514,BBMP HIGH SCHOOL SHAKTHI GANAPATHI NAGAR,BBMP HIGH SCHOOL 5th main 6th cross Dayanandanagar Bangalore,12.99028,77.56468,Kasturi Nagar,Majestic,North,325,no
3,29280502514,BBMP HIGH SCHOOL SHAKTHI GANAPATHI NAGAR,BBMP HIGH SCHOOL 5th main 6th cross Dayanandanagar Bangalore,12.99028,77.56468,Srirampura,Majestic,North,418,no
3,29280502514,BBMP HIGH SCHOOL SHAKTHI GANAPATHI NAGAR,BBMP HIGH SCHOOL 5th main 6th cross Dayanandanagar Bangalore,12.99028,77.56468,Swathanthra Nagar,Majestic,North,474,no
3,29280502514,BBMP HIGH SCHOOL SHAKTHI GANAPATHI NAGAR,BBMP HIGH SCHOOL 5th main 6th cross Dayanandanagar Bangalore,12.99028,77.56468,Hanumanthapura,Majestic,North,550,no
3,29280502514,BBMP HIGH SCHOOL SHAKTHI GANAPATHI NAGAR,BBMP HIGH SCHOOL 5th main 6th cross Dayanandanagar Bangalore,12.99028,77.56468,Valluvarpurm,Majestic,North,618,no
3,29280502514,BBMP HIGH SCHOOL SHAKTHI GANAPATHI NAGAR,BBMP HIGH SCHOOL 5th main 6th cross Dayanandanagar Bangalore,12.99028,77.56468,Vivekananda Nagar,Majestic,North,688,no
3,29280502514,BBMP HIGH SCHOOL SHAKTHI GANAPATHI NAGAR,BBMP HIGH SCHOOL 5th main 6th cross Dayanandanagar Bangalore,12.99028,77.56468,Okalipuram,Majestic,North,789,no
3,29280502514,BBMP HIGH SCHOOL SHAKTHI GANAPATHI NAGAR,BBMP HIGH SCHOOL 5th main 6th cross Dayanandanagar Bangalore,12.99028,77.56468,Hanumanthappa Colony,Majestic,North,926,no
3,29280502514,BBMP HIGH SCHOOL SHAKTHI GANAPATHI NAGAR,BBMP HIGH SCHOOL 5th main 6th cross Dayanandanagar Bangalore,12.99028,77.56468,Ambedkar Nagar-97,Majestic,North,987,no
3,29280502514,BBMP HIGH SCHOOL SHAKTHI GANAPATHI NAGAR,BBMP HIGH SCHOOL 5th main 6th cross Dayanandanagar Bangalore,12.99028,77.56468,Rasaldhar Street,Majestic,North,1019,no
3,29280502514,BBMP HIGH SCHOOL SHAKTHI GANAPATHI NAGAR,BBMP HIGH SCHOOL 5th main 6th cross Dayanandanagar Bangalore,12.99028,77.56468,JCW Nagar,Majestic,North,1205,no
3,29280502514,BBMP HIGH SCHOOL SHAKTHI GANAPATHI NAGAR,BBMP HIGH SCHOOL 5th main 6th cross Dayanandanagar Bangalore,12.99028,77.56468,VV Giri colony,Majestic,North,1212,no
3,29280502514,BBMP HIGH SCHOOL SHAKTHI GANAPATHI NAGAR,BBMP HIGH SCHOOL 5th main 6th cross Dayanandanagar Bangalore,12.99028,77.56468,Lakshmanapuri,Majestic,North,1215,no
3,29280502514,BBMP HIGH SCHOOL SHAKTHI GANAPATHI NAGAR,BBMP HIGH SCHOOL 5th main 6th cross Dayanandanagar Bangalore,12.99028,77.56468,Vivekananda block,Majestic,North,1429,no
3,29280502514,BBMP HIGH SCHOOL SHAKTHI GANAPATHI NAGAR,BBMP HIGH SCHOOL 5th main 6th cross Dayanandanagar Bangalore,12.99028,77.56468,Minerva Mill,Majestic,North,1461,no
3,29280502514,BBMP HIGH SCHOOL SHAKTHI GANAPATHI NAGAR,BBMP HIGH SCHOOL 5th main 6th cross Dayanandanagar Bangalore,12.99028,77.56468,Anjaneya block,Majestic,North,1465,no
3,29280502514,BBMP HIGH SCHOOL SHAKTHI GANAPATHI NAGAR,BBMP HIGH SCHOOL 5th main 6th cross Dayanandanagar Bangalore,12.99028,77.56468,Gopalpura,Majestic,North,1564,no
3,29280502514,BBMP HIGH SCHOOL SHAKTHI GANAPATHI NAGAR,BBMP HIGH SCHOOL 5th main 6th cross Dayanandanagar Bangalore,12.99028,77.56468,VST colony,Majestic,North,1749,no
3,29280502514,BBMP HIGH SCHOOL SHAKTHI GANAPATHI NAGAR,BBMP HIGH SCHOOL 5th main 6th cross Dayanandanagar Bangalore,12.99028,77.56468,Ashwath Nagar,JJR Nagar,Central,1815,no
3,29280502514,BBMP HIGH SCHOOL SHAKTHI GANAPATHI NAGAR,BBMP HIGH SCHOOL 5th main 6th cross Dayanandanagar Bangalore,12.99028,77.56468,Vinny Colony,JJR Nagar,Central,1873,no
3,29280502514,BBMP HIGH SCHOOL SHAKTHI GANAPATHI NAGAR,BBMP HIGH SCHOOL 5th main 6th cross Dayanandanagar Bangalore,12.99028,77.56468,Keshava Nagar,JJR Nagar,Central,1976,no
3,29280502514,BBMP HIGH SCHOOL SHAKTHI GANAPATHI NAGAR,BBMP HIGH SCHOOL 5th main 6th cross Dayanandanagar Bangalore,12.99028,77.56468,Himalaya Huts,Majestic,North,1976,no
3,29280502514,BBMP HIGH SCHOOL SHAKTHI GANAPATHI NAGAR,BBMP HIGH SCHOOL 5th main 6th cross Dayanandanagar Bangalore,12.99028,77.56468,Bheemshakthi Slum,Yeshwantpur,West,2472,no
3,29280502514,BBMP HIGH SCHOOL SHAKTHI GANAPATHI NAGAR,BBMP HIGH SCHOOL 5th main 6th cross Dayanandanagar Bangalore,12.99028,77.56468,Nagamma Nagar,JJR Nagar,Central,2511,no
3,29280502514,BBMP HIGH SCHOOL SHAKTHI GANAPATHI NAGAR,BBMP HIGH SCHOOL 5th main 6th cross Dayanandanagar Bangalore,12.99028,77.56468,Bhakshi Garden I & II,KR Market,Central,2642,no
3,29280502514,BBMP HIGH SCHOOL SHAKTHI GANAPATHI NAGAR,BBMP HIGH SCHOOL 5th main 6th cross Dayanandanagar Bangalore,12.99028,77.56468,Saw Mill Lane,KR Market,Central,2651,no
3,29280502514,BBMP HIGH SCHOOL SHAKTHI GANAPATHI NAGAR,BBMP HIGH SCHOOL 5th main 6th cross Dayanandanagar Bangalore,12.99028,77.56468,Handigudisalu,Majestic,North,2655,no
3,29280502514,BBMP HIGH SCHOOL SHAKTHI GANAPATHI NAGAR,BBMP HIGH SCHOOL 5th main 6th cross Dayanandanagar Bangalore,12.99028,77.56468,Bhangi Colony,KR Market,Central,2666,no
3,29280502514,BBMP HIGH SCHOOL SHAKTHI GANAPATHI NAGAR,BBMP HIGH SCHOOL 5th main 6th cross Dayanandanagar Bangalore,12.99028,77.56468,Sidhartha Nagar,KR Market,Central,2688,no
3,29280502514,BBMP HIGH SCHOOL SHAKTHI GANAPATHI NAGAR,BBMP HIGH SCHOOL 5th main 6th cross Dayanandanagar Bangalore,12.99028,77.56468,IPD Salappa Layout,Rayapuram,Central,2707,no
3,29280502514,BBMP HIGH SCHOOL SHAKTHI GANAPATHI NAGAR,BBMP HIGH SCHOOL 5th main 6th cross Dayanandanagar Bangalore,12.99028,77.56468,Cheluvadipalya,KR Market,Central,2737,no
3,29280502514,BBMP HIGH SCHOOL SHAKTHI GANAPATHI NAGAR,BBMP HIGH SCHOOL 5th main 6th cross Dayanandanagar Bangalore,12.99028,77.56468,Velmurugapuram,KR Market,Central,2782,no
3,29280502514,BBMP HIGH SCHOOL SHAKTHI GANAPATHI NAGAR,BBMP HIGH SCHOOL 5th main 6th cross Dayanandanagar Bangalore,12.99028,77.56468,VS Garden,Rayapuram,Central,2792,no
3,29280502514,BBMP HIGH SCHOOL SHAKTHI GANAPATHI NAGAR,BBMP HIGH SCHOOL 5th main 6th cross Dayanandanagar Bangalore,12.99028,77.56468,Anjanappa Garden I & II,KR Market,Central,2800,no
3,29280502514,BBMP HIGH SCHOOL SHAKTHI GANAPATHI NAGAR,BBMP HIGH SCHOOL 5th main 6th cross Dayanandanagar Bangalore,12.99028,77.56468,Harikunte,Rayapuram,Central,2810,no
3,29280502514,BBMP HIGH SCHOOL SHAKTHI GANAPATHI NAGAR,BBMP HIGH SCHOOL 5th main 6th cross Dayanandanagar Bangalore,12.99028,77.56468,Old Pension Mohalla,KR Market,Central,2853,no
3,29280502514,BBMP HIGH SCHOOL SHAKTHI GANAPATHI NAGAR,BBMP HIGH SCHOOL 5th main 6th cross Dayanandanagar Bangalore,12.99028,77.56468,Jolly Mohalla,KR Market,Central,2859,no
3,29280502514,BBMP HIGH SCHOOL SHAKTHI GANAPATHI NAGAR,BBMP HIGH SCHOOL 5th main 6th cross Dayanandanagar Bangalore,12.99028,77.56468,JJR Nagar North,Rayapuram,Central,2897,no
3,29280502514,BBMP HIGH SCHOOL SHAKTHI GANAPATHI NAGAR,BBMP HIGH SCHOOL 5th main 6th cross Dayanandanagar Bangalore,12.99028,77.56468,Giripuram,KR Market,Central,2958,no
3,29280502514,BBMP HIGH SCHOOL SHAKTHI GANAPATHI NAGAR,BBMP HIGH SCHOOL 5th main 6th cross Dayanandanagar Bangalore,12.99028,77.56468,Anandapuram I & II,KR Market,Central,3086,no
3,29280502514,BBMP HIGH SCHOOL SHAKTHI GANAPATHI NAGAR,BBMP HIGH SCHOOL 5th main 6th cross Dayanandanagar Bangalore,12.99028,77.56468,JJR Nagar South,Rayapuram,Central,3110,no
3,29280502514,BBMP HIGH SCHOOL SHAKTHI GANAPATHI NAGAR,BBMP HIGH SCHOOL 5th main 6th cross Dayanandanagar Bangalore,12.99028,77.56468,Anjaneya Temple,KR Market,Central,3116,no
3,29280502514,BBMP HIGH SCHOOL SHAKTHI GANAPATHI NAGAR,BBMP HIGH SCHOOL 5th main 6th cross Dayanandanagar Bangalore,12.99028,77.56468,Adimoola Compound,KR Market,Central,3117,no
3,29280502514,BBMP HIGH SCHOOL SHAKTHI GANAPATHI NAGAR,BBMP HIGH SCHOOL 5th main 6th cross Dayanandanagar Bangalore,12.99028,77.56468,Tippu Nagar,KR Market,Central,3177,no
3,29280502514,BBMP HIGH SCHOOL SHAKTHI GANAPATHI NAGAR,BBMP HIGH SCHOOL 5th main 6th cross Dayanandanagar Bangalore,12.99028,77.56468,7th & 8th Mn Rd Padarayanapura,JJR Nagar,Central,3183,no
3,29280502514,BBMP HIGH SCHOOL SHAKTHI GANAPATHI NAGAR,BBMP HIGH SCHOOL 5th main 6th cross Dayanandanagar Bangalore,12.99028,77.56468,New Tharagupet,KR Market,Central,3308,no
3,29280502514,BBMP HIGH SCHOOL SHAKTHI GANAPATHI NAGAR,BBMP HIGH SCHOOL 5th main 6th cross Dayanandanagar Bangalore,12.99028,77.56468,Thimmenahalli,Nagarbhavi,Central,3316,no
3,29280502514,BBMP HIGH SCHOOL SHAKTHI GANAPATHI NAGAR,BBMP HIGH SCHOOL 5th main 6th cross Dayanandanagar Bangalore,12.99028,77.56468,Farookhiya Nagar I & II,JJR Nagar,Central,3347,no
3,29280502514,BBMP HIGH SCHOOL SHAKTHI GANAPATHI NAGAR,BBMP HIGH SCHOOL 5th main 6th cross Dayanandanagar Bangalore,12.99028,77.56468,Sharif Nagar,Yeshwantpur,West,3356,no
3,29280502514,BBMP HIGH SCHOOL SHAKTHI GANAPATHI NAGAR,BBMP HIGH SCHOOL 5th main 6th cross Dayanandanagar Bangalore,12.99028,77.56468,Corporation Colony,Nagarbhavi,Central,3502,no
3,29280502514,BBMP HIGH SCHOOL SHAKTHI GANAPATHI NAGAR,BBMP HIGH SCHOOL 5th main 6th cross Dayanandanagar Bangalore,12.99028,77.56468,Arfath Nagar I & II,JJR Nagar,Central,3504,no
3,29280502514,BBMP HIGH SCHOOL SHAKTHI GANAPATHI NAGAR,BBMP HIGH SCHOOL 5th main 6th cross Dayanandanagar Bangalore,12.99028,77.56468,Vinayaka Slum,Peenya - West,West,3539,no
3,29280502514,BBMP HIGH SCHOOL SHAKTHI GANAPATHI NAGAR,BBMP HIGH SCHOOL 5th main 6th cross Dayanandanagar Bangalore,12.99028,77.56468,Gada,JJR Nagar,Central,3542,no
3,29280502514,BBMP HIGH SCHOOL SHAKTHI GANAPATHI NAGAR,BBMP HIGH SCHOOL 5th main 6th cross Dayanandanagar Bangalore,12.99028,77.56468,Sarkari Oni,Yeshwantpur,West,3593,no
3,29280502514,BBMP HIGH SCHOOL SHAKTHI GANAPATHI NAGAR,BBMP HIGH SCHOOL 5th main 6th cross Dayanandanagar Bangalore,12.99028,77.56468,Janata Colony,JJR Nagar,Central,3615,no
3,29280502514,BBMP HIGH SCHOOL SHAKTHI GANAPATHI NAGAR,BBMP HIGH SCHOOL 5th main 6th cross Dayanandanagar Bangalore,12.99028,77.56468,Devarajurs Nagar,JJR Nagar,Central,3679,no
3,29280502514,BBMP HIGH SCHOOL SHAKTHI GANAPATHI NAGAR,BBMP HIGH SCHOOL 5th main 6th cross Dayanandanagar Bangalore,12.99028,77.56468,Vinayaka Nagar,JJR Nagar,Central,3729,no
3,29280502514,BBMP HIGH SCHOOL SHAKTHI GANAPATHI NAGAR,BBMP HIGH SCHOOL 5th main 6th cross Dayanandanagar Bangalore,12.99028,77.56468,Boomatha Seva Sangha,JJR Nagar,Central,3731,no
4,29200801933,BBMP GIRLS. J.C.PADARAYANAPURA,SANGAM CIRCLE GORIPALYA,12.96479,77.5549,Harikunte,Rayapuram,Central,217,yes
4,29200801933,BBMP GIRLS. J.C.PADARAYANAPURA,SANGAM CIRCLE GORIPALYA,12.96479,77.5549,JJR Nagar North,Rayapuram,Central,298,no
4,29200801933,BBMP GIRLS. J.C.PADARAYANAPURA,SANGAM CIRCLE GORIPALYA,12.96479,77.5549,JJR Nagar South,Rayapuram,Central,309,no
4,29200801933,BBMP GIRLS. J.C.PADARAYANAPURA,SANGAM CIRCLE GORIPALYA,12.96479,77.5549,Farookhiya Nagar I & II,JJR Nagar,Central,321,no
4,29200801933,BBMP GIRLS. J.C.PADARAYANAPURA,SANGAM CIRCLE GORIPALYA,12.96479,77.5549,VS Garden,Rayapuram,Central,345,no
4,29200801933,BBMP GIRLS. J.C.PADARAYANAPURA,SANGAM CIRCLE GORIPALYA,12.96479,77.5549,IPD Salappa Layout,Rayapuram,Central,429,no
4,29200801933,BBMP GIRLS. J.C.PADARAYANAPURA,SANGAM CIRCLE GORIPALYA,12.96479,77.5549,Handigudisalu,Majestic,North,496,no
4,29200801933,BBMP GIRLS. J.C.PADARAYANAPURA,SANGAM CIRCLE GORIPALYA,12.96479,77.5549,7th & 8th Mn Rd Padarayanapura,JJR Nagar,Central,522,no
4,29200801933,BBMP GIRLS. J.C.PADARAYANAPURA,SANGAM CIRCLE GORIPALYA,12.96479,77.5549,Janata Colony,JJR Nagar,Central,610,no
4,29200801933,BBMP GIRLS. J.C.PADARAYANAPURA,SANGAM CIRCLE GORIPALYA,12.96479,77.5549,Boomatha Seva Sangha,JJR Nagar,Central,705,no
4,29200801933,BBMP GIRLS. J.C.PADARAYANAPURA,SANGAM CIRCLE GORIPALYA,12.96479,77.5549,Vinayaka Nagar,JJR Nagar,Central,740,no
4,29200801933,BBMP GIRLS. J.C.PADARAYANAPURA,SANGAM CIRCLE GORIPALYA,12.96479,77.5549,Devarajurs Nagar,JJR Nagar,Central,747,no
4,29200801933,BBMP GIRLS. J.C.PADARAYANAPURA,SANGAM CIRCLE GORIPALYA,12.96479,77.5549,Arfath Nagar I & II,JJR Nagar,Central,797,no
4,29200801933,BBMP GIRLS. J.C.PADARAYANAPURA,SANGAM CIRCLE GORIPALYA,12.96479,77.5549,Gada,JJR Nagar,Central,921,no
4,29200801933,BBMP GIRLS. J.C.PADARAYANAPURA,SANGAM CIRCLE GORIPALYA,12.96479,77.5549,Nagamma Nagar,JJR Nagar,Central,928,no
4,29200801933,BBMP GIRLS. J.C.PADARAYANAPURA,SANGAM CIRCLE GORIPALYA,12.96479,77.5549,Anjanappa Garden I & II,KR Market,Central,973,no
4,29200801933,BBMP GIRLS. J.C.PADARAYANAPURA,SANGAM CIRCLE GORIPALYA,12.96479,77.5549,Bhangi Colony,KR Market,Central,1177,no
4,29200801933,BBMP GIRLS. J.C.PADARAYANAPURA,SANGAM CIRCLE GORIPALYA,12.96479,77.5549,Keshava Nagar,JJR Nagar,Central,1209,no
4,29200801933,BBMP GIRLS. J.C.PADARAYANAPURA,SANGAM CIRCLE GORIPALYA,12.96479,77.5549,Anjaneya Temple,KR Market,Central,1219,no
4,29200801933,BBMP GIRLS. J.C.PADARAYANAPURA,SANGAM CIRCLE GORIPALYA,12.96479,77.5549,Giripuram,KR Market,Central,1231,no
4,29200801933,BBMP GIRLS. J.C.PADARAYANAPURA,SANGAM CIRCLE GORIPALYA,12.96479,77.5549,Tippu Nagar,KR Market,Central,1262,no
4,29200801933,BBMP GIRLS. J.C.PADARAYANAPURA,SANGAM CIRCLE GORIPALYA,12.96479,77.5549,Old Pension Mohalla,KR Market,Central,1272,no
4,29200801933,BBMP GIRLS. J.C.PADARAYANAPURA,SANGAM CIRCLE GORIPALYA,12.96479,77.5549,Adimoola Compound,KR Market,Central,1282,no
4,29200801933,BBMP GIRLS. J.C.PADARAYANAPURA,SANGAM CIRCLE GORIPALYA,12.96479,77.5549,Sidhartha Nagar,KR Market,Central,1289,no
4,29200801933,BBMP GIRLS. J.C.PADARAYANAPURA,SANGAM CIRCLE GORIPALYA,12.96479,77.5549,Vinny Colony,JJR Nagar,Central,1301,no
4,29200801933,BBMP GIRLS. J.C.PADARAYANAPURA,SANGAM CIRCLE GORIPALYA,12.96479,77.5549,Anandapuram I & II,KR Market,Central,1337,no
4,29200801933,BBMP GIRLS. J.C.PADARAYANAPURA,SANGAM CIRCLE GORIPALYA,12.96479,77.5549,Ashwath Nagar,JJR Nagar,Central,1343,no
4,29200801933,BBMP GIRLS. J.C.PADARAYANAPURA,SANGAM CIRCLE GORIPALYA,12.96479,77.5549,Cheluvadipalya,KR Market,Central,1404,no
4,29200801933,BBMP GIRLS. J.C.PADARAYANAPURA,SANGAM CIRCLE GORIPALYA,12.96479,77.5549,Velmurugapuram,KR Market,Central,1468,no
4,29200801933,BBMP GIRLS. J.C.PADARAYANAPURA,SANGAM CIRCLE GORIPALYA,12.96479,77.5549,Gopalpura,Majestic,North,1488,no
4,29200801933,BBMP GIRLS. J.C.PADARAYANAPURA,SANGAM CIRCLE GORIPALYA,12.96479,77.5549,Sanjay Nagar,JJR Nagar,Central,1576,no
4,29200801933,BBMP GIRLS. J.C.PADARAYANAPURA,SANGAM CIRCLE GORIPALYA,12.96479,77.5549,Bhakshi Garden I & II,KR Market,Central,1585,no
4,29200801933,BBMP GIRLS. J.C.PADARAYANAPURA,SANGAM CIRCLE GORIPALYA,12.96479,77.5549,Saw Mill Lane,KR Market,Central,1605,no
4,29200801933,BBMP GIRLS. J.C.PADARAYANAPURA,SANGAM CIRCLE GORIPALYA,12.96479,77.5549,VST colony,Majestic,North,1655,no
4,29200801933,BBMP GIRLS. J.C.PADARAYANAPURA,SANGAM CIRCLE GORIPALYA,12.96479,77.5549,Sarkari Oni,Yeshwantpur,West,1666,no
4,29200801933,BBMP GIRLS. J.C.PADARAYANAPURA,SANGAM CIRCLE GORIPALYA,12.96479,77.5549,Minerva Mill,Majestic,North,1702,no
4,29200801933,BBMP GIRLS. J.C.PADARAYANAPURA,SANGAM CIRCLE GORIPALYA,12.96479,77.5549,Narasimaiah Colony,JJR Nagar,Central,1794,no
4,29200801933,BBMP GIRLS. J.C.PADARAYANAPURA,SANGAM CIRCLE GORIPALYA,12.96479,77.5549,Jolly Mohalla,KR Market,Central,1805,no
4,29200801933,BBMP GIRLS. J.C.PADARAYANAPURA,SANGAM CIRCLE GORIPALYA,12.96479,77.5549,New Tharagupet,KR Market,Central,1991,no
4,29200801933,BBMP GIRLS. J.C.PADARAYANAPURA,SANGAM CIRCLE GORIPALYA,12.96479,77.5549,AK Colony,JJR Nagar,Central,2050,no
4,29200801933,BBMP GIRLS. J.C.PADARAYANAPURA,SANGAM CIRCLE GORIPALYA,12.96479,77.5549,AK Badavane,JJR Nagar,Central,2285,no
4,29200801933,BBMP GIRLS. J.C.PADARAYANAPURA,SANGAM CIRCLE GORIPALYA,12.96479,77.5549,Thimmenahalli,Nagarbhavi,Central,2352,no
4,29200801933,BBMP GIRLS. J.C.PADARAYANAPURA,SANGAM CIRCLE GORIPALYA,12.96479,77.5549,Venkateshwara slum,Nagarbhavi,Central,2375,no
4,29200801933,BBMP GIRLS. J.C.PADARAYANAPURA,SANGAM CIRCLE GORIPALYA,12.96479,77.5549,Okalipuram,Majestic,North,2518,no
4,29200801933,BBMP GIRLS. J.C.PADARAYANAPURA,SANGAM CIRCLE GORIPALYA,12.96479,77.5549,Corporation Colony,Nagarbhavi,Central,2652,no
4,29200801933,BBMP GIRLS. J.C.PADARAYANAPURA,SANGAM CIRCLE GORIPALYA,12.96479,77.5549,Himalaya Huts,Majestic,North,2655,no
4,29200801933,BBMP GIRLS. J.C.PADARAYANAPURA,SANGAM CIRCLE GORIPALYA,12.96479,77.5549,Lakshmanapuri,Majestic,North,2656,no
4,29200801933,BBMP GIRLS. J.C.PADARAYANAPURA,SANGAM CIRCLE GORIPALYA,12.96479,77.5549,Ambedkar Nagar-97,Majestic,North,2661,no
4,29200801933,BBMP GIRLS. J.C.PADARAYANAPURA,SANGAM CIRCLE GORIPALYA,12.96479,77.5549,Vivekananda Nagar,Majestic,North,2805,no
4,29200801933,BBMP GIRLS. J.C.PADARAYANAPURA,SANGAM CIRCLE GORIPALYA,12.96479,77.5549,Hanumanthappa Colony,Majestic,North,2893,no
4,29200801933,BBMP GIRLS. J.C.PADARAYANAPURA,SANGAM CIRCLE GORIPALYA,12.96479,77.5549,JCW Nagar,Majestic,North,2903,no
4,29200801933,BBMP GIRLS. J.C.PADARAYANAPURA,SANGAM CIRCLE GORIPALYA,12.96479,77.5549,Kanaka Nagar,Nagarbhavi,Central,2908,no
4,29200801933,BBMP GIRLS. J.C.PADARAYANAPURA,SANGAM CIRCLE GORIPALYA,12.96479,77.5549,Kasturi Nagar,Majestic,North,2921,no
4,29200801933,BBMP GIRLS. J.C.PADARAYANAPURA,SANGAM CIRCLE GORIPALYA,12.96479,77.5549,Hanumanthapura,Majestic,North,2984,no
4,29200801933,BBMP GIRLS. J.C.PADARAYANAPURA,SANGAM CIRCLE GORIPALYA,12.96479,77.5549,Gawtham Nagar,Majestic,North,2997,no
4,29200801933,BBMP GIRLS. J.C.PADARAYANAPURA,SANGAM CIRCLE GORIPALYA,12.96479,77.5549,VV Giri colony,Majestic,North,3024,no
4,29200801933,BBMP GIRLS. J.C.PADARAYANAPURA,SANGAM CIRCLE GORIPALYA,12.96479,77.5549,Rasaldhar Street,Majestic,North,3043,no
4,29200801933,BBMP GIRLS. J.C.PADARAYANAPURA,SANGAM CIRCLE GORIPALYA,12.96479,77.5549,Dayananda Nagar,Majestic,North,3051,no
4,29200801933,BBMP GIRLS. J.C.PADARAYANAPURA,SANGAM CIRCLE GORIPALYA,12.96479,77.5549,Nanjarasappa Badavane,Nagarbhavi,Central,3054,no
4,29200801933,BBMP GIRLS. J.C.PADARAYANAPURA,SANGAM CIRCLE GORIPALYA,12.96479,77.5549,Ganapathi Slum,Nagarbhavi,Central,3067,no
4,29200801933,BBMP GIRLS. J.C.PADARAYANAPURA,SANGAM CIRCLE GORIPALYA,12.96479,77.5549,Srirampura,Majestic,North,3084,no
4,29200801933,BBMP GIRLS. J.C.PADARAYANAPURA,SANGAM CIRCLE GORIPALYA,12.96479,77.5549,RKS,Majestic,North,3091,no
4,29200801933,BBMP GIRLS. J.C.PADARAYANAPURA,SANGAM CIRCLE GORIPALYA,12.96479,77.5549,Swathanthra Nagar,Majestic,North,3194,no
4,29200801933,BBMP GIRLS. J.C.PADARAYANAPURA,SANGAM CIRCLE GORIPALYA,12.96479,77.5549,Railway Station/Ambedkar Nagar,Majestic,North,3221,no
4,29200801933,BBMP GIRLS. J.C.PADARAYANAPURA,SANGAM CIRCLE GORIPALYA,12.96479,77.5549,Kurilingappa Garden,Nagarbhavi,Central,3224,no
4,29200801933,BBMP GIRLS. J.C.PADARAYANAPURA,SANGAM CIRCLE GORIPALYA,12.96479,77.5549,Gurappa Garden,KR Market,Central,3240,no
4,29200801933,BBMP GIRLS. J.C.PADARAYANAPURA,SANGAM CIRCLE GORIPALYA,12.96479,77.5549,Vinoba nagar,KR Market,Central,3330,no
4,29200801933,BBMP GIRLS. J.C.PADARAYANAPURA,SANGAM CIRCLE GORIPALYA,12.96479,77.5549,Ramanna Garden,KR Market,Central,3352,no
4,29200801933,BBMP GIRLS. J.C.PADARAYANAPURA,SANGAM CIRCLE GORIPALYA,12.96479,77.5549,Chamundi Slum,Nagarbhavi,Central,3547,no
4,29200801933,BBMP GIRLS. J.C.PADARAYANAPURA,SANGAM CIRCLE GORIPALYA,12.96479,77.5549,Patankot,Nagarbhavi,Central,3578,no
4,29200801933,BBMP GIRLS. J.C.PADARAYANAPURA,SANGAM CIRCLE GORIPALYA,12.96479,77.5549,Valluvarpurm,Majestic,North,3585,no
4,29200801933,BBMP GIRLS. J.C.PADARAYANAPURA,SANGAM CIRCLE GORIPALYA,12.96479,77.5549,Gangondanahalli,Nagarbhavi,Central,3610,no
4,29200801933,BBMP GIRLS. J.C.PADARAYANAPURA,SANGAM CIRCLE GORIPALYA,12.96479,77.5549,Devegowda slum,Nagarbhavi,Central,3633,no
4,29200801933,BBMP GIRLS. J.C.PADARAYANAPURA,SANGAM CIRCLE GORIPALYA,12.96479,77.5549,Veerabhadra Nagar,Nagarbhavi,Central,3670,no
5,29200800460,BRUHAT BANGALORE MAHANAGARA PALIKE PREUNIVERSITY COLLEGE,253 10 TH NAIN ROADMAGADI ROAD BANGALORE,12.967566,77.5583595,JJR Nagar North,Rayapuram,Central,280,yes
5,29200800460,BRUHAT BANGALORE MAHANAGARA PALIKE PREUNIVERSITY COLLEGE,253 10 TH NAIN ROADMAGADI ROAD BANGALORE,12.967566,77.5583595,Harikunte,Rayapuram,Central,302,no
5,29200800460,BRUHAT BANGALORE MAHANAGARA PALIKE PREUNIVERSITY COLLEGE,253 10 TH NAIN ROADMAGADI ROAD BANGALORE,12.967566,77.5583595,Nagamma Nagar,JJR Nagar,Central,493,no
5,29200800460,BRUHAT BANGALORE MAHANAGARA PALIKE PREUNIVERSITY COLLEGE,253 10 TH NAIN ROADMAGADI ROAD BANGALORE,12.967566,77.5583595,JJR Nagar South,Rayapuram,Central,493,no
5,29200800460,BRUHAT BANGALORE MAHANAGARA PALIKE PREUNIVERSITY COLLEGE,253 10 TH NAIN ROADMAGADI ROAD BANGALORE,12.967566,77.5583595,VS Garden,Rayapuram,Central,517,no
5,29200800460,BRUHAT BANGALORE MAHANAGARA PALIKE PREUNIVERSITY COLLEGE,253 10 TH NAIN ROADMAGADI ROAD BANGALORE,12.967566,77.5583595,IPD Salappa Layout,Rayapuram,Central,522,no
5,29200800460,BRUHAT BANGALORE MAHANAGARA PALIKE PREUNIVERSITY COLLEGE,253 10 TH NAIN ROADMAGADI ROAD BANGALORE,12.967566,77.5583595,Handigudisalu,Majestic,North,552,no
5,29200800460,BRUHAT BANGALORE MAHANAGARA PALIKE PREUNIVERSITY COLLEGE,253 10 TH NAIN ROADMAGADI ROAD BANGALORE,12.967566,77.5583595,Anjanappa Garden I & II,KR Market,Central,657,no
5,29200800460,BRUHAT BANGALORE MAHANAGARA PALIKE PREUNIVERSITY COLLEGE,253 10 TH NAIN ROADMAGADI ROAD BANGALORE,12.967566,77.5583595,Keshava Nagar,JJR Nagar,Central,729,no
5,29200800460,BRUHAT BANGALORE MAHANAGARA PALIKE PREUNIVERSITY COLLEGE,253 10 TH NAIN ROADMAGADI ROAD BANGALORE,12.967566,77.5583595,Farookhiya Nagar I & II,JJR Nagar,Central,776,no
5,29200800460,BRUHAT BANGALORE MAHANAGARA PALIKE PREUNIVERSITY COLLEGE,253 10 TH NAIN ROADMAGADI ROAD BANGALORE,12.967566,77.5583595,Bhangi Colony,KR Market,Central,802,no
5,29200800460,BRUHAT BANGALORE MAHANAGARA PALIKE PREUNIVERSITY COLLEGE,253 10 TH NAIN ROADMAGADI ROAD BANGALORE,12.967566,77.5583595,Vinny Colony,JJR Nagar,Central,825,no
5,29200800460,BRUHAT BANGALORE MAHANAGARA PALIKE PREUNIVERSITY COLLEGE,253 10 TH NAIN ROADMAGADI ROAD BANGALORE,12.967566,77.5583595,Ashwath Nagar,JJR Nagar,Central,871,no
5,29200800460,BRUHAT BANGALORE MAHANAGARA PALIKE PREUNIVERSITY COLLEGE,253 10 TH NAIN ROADMAGADI ROAD BANGALORE,12.967566,77.5583595,Sidhartha Nagar,KR Market,Central,918,no
5,29200800460,BRUHAT BANGALORE MAHANAGARA PALIKE PREUNIVERSITY COLLEGE,253 10 TH NAIN ROADMAGADI ROAD BANGALORE,12.967566,77.5583595,7th & 8th Mn Rd Padarayanapura,JJR Nagar,Central,924,no
5,29200800460,BRUHAT BANGALORE MAHANAGARA PALIKE PREUNIVERSITY COLLEGE,253 10 TH NAIN ROADMAGADI ROAD BANGALORE,12.967566,77.5583595,Giripuram,KR Market,Central,951,no
5,29200800460,BRUHAT BANGALORE MAHANAGARA PALIKE PREUNIVERSITY COLLEGE,253 10 TH NAIN ROADMAGADI ROAD BANGALORE,12.967566,77.5583595,Old Pension Mohalla,KR Market,Central,953,no
5,29200800460,BRUHAT BANGALORE MAHANAGARA PALIKE PREUNIVERSITY COLLEGE,253 10 TH NAIN ROADMAGADI ROAD BANGALORE,12.967566,77.5583595,Anjaneya Temple,KR Market,Central,1002,no
5,29200800460,BRUHAT BANGALORE MAHANAGARA PALIKE PREUNIVERSITY COLLEGE,253 10 TH NAIN ROADMAGADI ROAD BANGALORE,12.967566,77.5583595,Cheluvadipalya,KR Market,Central,1042,no
5,29200800460,BRUHAT BANGALORE MAHANAGARA PALIKE PREUNIVERSITY COLLEGE,253 10 TH NAIN ROADMAGADI ROAD BANGALORE,12.967566,77.5583595,Adimoola Compound,KR Market,Central,1055,no
5,29200800460,BRUHAT BANGALORE MAHANAGARA PALIKE PREUNIVERSITY COLLEGE,253 10 TH NAIN ROADMAGADI ROAD BANGALORE,12.967566,77.5583595,Gopalpura,Majestic,North,1056,no
5,29200800460,BRUHAT BANGALORE MAHANAGARA PALIKE PREUNIVERSITY COLLEGE,253 10 TH NAIN ROADMAGADI ROAD BANGALORE,12.967566,77.5583595,Tippu Nagar,KR Market,Central,1061,no
5,29200800460,BRUHAT BANGALORE MAHANAGARA PALIKE PREUNIVERSITY COLLEGE,253 10 TH NAIN ROADMAGADI ROAD BANGALORE,12.967566,77.5583595,Anandapuram I & II,KR Market,Central,1089,no
5,29200800460,BRUHAT BANGALORE MAHANAGARA PALIKE PREUNIVERSITY COLLEGE,253 10 TH NAIN ROADMAGADI ROAD BANGALORE,12.967566,77.5583595,Janata Colony,JJR Nagar,Central,1089,no
5,29200800460,BRUHAT BANGALORE MAHANAGARA PALIKE PREUNIVERSITY COLLEGE,253 10 TH NAIN ROADMAGADI ROAD BANGALORE,12.967566,77.5583595,Velmurugapuram,KR Market,Central,1114,no
5,29200800460,BRUHAT BANGALORE MAHANAGARA PALIKE PREUNIVERSITY COLLEGE,253 10 TH NAIN ROADMAGADI ROAD BANGALORE,12.967566,77.5583595,Boomatha Seva Sangha,JJR Nagar,Central,1151,no
5,29200800460,BRUHAT BANGALORE MAHANAGARA PALIKE PREUNIVERSITY COLLEGE,253 10 TH NAIN ROADMAGADI ROAD BANGALORE,12.967566,77.5583595,VST colony,Majestic,North,1170,no
5,29200800460,BRUHAT BANGALORE MAHANAGARA PALIKE PREUNIVERSITY COLLEGE,253 10 TH NAIN ROADMAGADI ROAD BANGALORE,12.967566,77.5583595,Bhakshi Garden I & II,KR Market,Central,1194,no
5,29200800460,BRUHAT BANGALORE MAHANAGARA PALIKE PREUNIVERSITY COLLEGE,253 10 TH NAIN ROADMAGADI ROAD BANGALORE,12.967566,77.5583595,Saw Mill Lane,KR Market,Central,1215,no
5,29200800460,BRUHAT BANGALORE MAHANAGARA PALIKE PREUNIVERSITY COLLEGE,253 10 TH NAIN ROADMAGADI ROAD BANGALORE,12.967566,77.5583595,Vinayaka Nagar,JJR Nagar,Central,1221,no
5,29200800460,BRUHAT BANGALORE MAHANAGARA PALIKE PREUNIVERSITY COLLEGE,253 10 TH NAIN ROADMAGADI ROAD BANGALORE,12.967566,77.5583595,Devarajurs Nagar,JJR Nagar,Central,1233,no
5,29200800460,BRUHAT BANGALORE MAHANAGARA PALIKE PREUNIVERSITY COLLEGE,253 10 TH NAIN ROADMAGADI ROAD BANGALORE,12.967566,77.5583595,Minerva Mill,Majestic,North,1238,no
5,29200800460,BRUHAT BANGALORE MAHANAGARA PALIKE PREUNIVERSITY COLLEGE,253 10 TH NAIN ROADMAGADI ROAD BANGALORE,12.967566,77.5583595,Arfath Nagar I & II,JJR Nagar,Central,1244,no
5,29200800460,BRUHAT BANGALORE MAHANAGARA PALIKE PREUNIVERSITY COLLEGE,253 10 TH NAIN ROADMAGADI ROAD BANGALORE,12.967566,77.5583595,Gada,JJR Nagar,Central,1355,no
5,29200800460,BRUHAT BANGALORE MAHANAGARA PALIKE PREUNIVERSITY COLLEGE,253 10 TH NAIN ROADMAGADI ROAD BANGALORE,12.967566,77.5583595,Jolly Mohalla,KR Market,Central,1448,no
5,29200800460,BRUHAT BANGALORE MAHANAGARA PALIKE PREUNIVERSITY COLLEGE,253 10 TH NAIN ROADMAGADI ROAD BANGALORE,12.967566,77.5583595,New Tharagupet,KR Market,Central,1716,no
5,29200800460,BRUHAT BANGALORE MAHANAGARA PALIKE PREUNIVERSITY COLLEGE,253 10 TH NAIN ROADMAGADI ROAD BANGALORE,12.967566,77.5583595,Sarkari Oni,Yeshwantpur,West,1989,no
5,29200800460,BRUHAT BANGALORE MAHANAGARA PALIKE PREUNIVERSITY COLLEGE,253 10 TH NAIN ROADMAGADI ROAD BANGALORE,12.967566,77.5583595,Sanjay Nagar,JJR Nagar,Central,2023,no
5,29200800460,BRUHAT BANGALORE MAHANAGARA PALIKE PREUNIVERSITY COLLEGE,253 10 TH NAIN ROADMAGADI ROAD BANGALORE,12.967566,77.5583595,Okalipuram,Majestic,North,2060,no
5,29200800460,BRUHAT BANGALORE MAHANAGARA PALIKE PREUNIVERSITY COLLEGE,253 10 TH NAIN ROADMAGADI ROAD BANGALORE,12.967566,77.5583595,Lakshmanapuri,Majestic,North,2174,no
5,29200800460,BRUHAT BANGALORE MAHANAGARA PALIKE PREUNIVERSITY COLLEGE,253 10 TH NAIN ROADMAGADI ROAD BANGALORE,12.967566,77.5583595,Himalaya Huts,Majestic,North,2178,no
5,29200800460,BRUHAT BANGALORE MAHANAGARA PALIKE PREUNIVERSITY COLLEGE,253 10 TH NAIN ROADMAGADI ROAD BANGALORE,12.967566,77.5583595,Ambedkar Nagar-97,Majestic,North,2187,no
5,29200800460,BRUHAT BANGALORE MAHANAGARA PALIKE PREUNIVERSITY COLLEGE,253 10 TH NAIN ROADMAGADI ROAD BANGALORE,12.967566,77.5583595,Narasimaiah Colony,JJR Nagar,Central,2264,no
5,29200800460,BRUHAT BANGALORE MAHANAGARA PALIKE PREUNIVERSITY COLLEGE,253 10 TH NAIN ROADMAGADI ROAD BANGALORE,12.967566,77.5583595,Vivekananda Nagar,Majestic,North,2346,no
5,29200800460,BRUHAT BANGALORE MAHANAGARA PALIKE PREUNIVERSITY COLLEGE,253 10 TH NAIN ROADMAGADI ROAD BANGALORE,12.967566,77.5583595,Hanumanthappa Colony,Majestic,North,2421,no
5,29200800460,BRUHAT BANGALORE MAHANAGARA PALIKE PREUNIVERSITY COLLEGE,253 10 TH NAIN ROADMAGADI ROAD BANGALORE,12.967566,77.5583595,JCW Nagar,Majestic,North,2421,no
5,29200800460,BRUHAT BANGALORE MAHANAGARA PALIKE PREUNIVERSITY COLLEGE,253 10 TH NAIN ROADMAGADI ROAD BANGALORE,12.967566,77.5583595,Kasturi Nagar,Majestic,North,2485,no
5,29200800460,BRUHAT BANGALORE MAHANAGARA PALIKE PREUNIVERSITY COLLEGE,253 10 TH NAIN ROADMAGADI ROAD BANGALORE,12.967566,77.5583595,Thimmenahalli,Nagarbhavi,Central,2522,no
5,29200800460,BRUHAT BANGALORE MAHANAGARA PALIKE PREUNIVERSITY COLLEGE,253 10 TH NAIN ROADMAGADI ROAD BANGALORE,12.967566,77.5583595,Hanumanthapura,Majestic,North,2532,no
5,29200800460,BRUHAT BANGALORE MAHANAGARA PALIKE PREUNIVERSITY COLLEGE,253 10 TH NAIN ROADMAGADI ROAD BANGALORE,12.967566,77.5583595,AK Colony,JJR Nagar,Central,2534,no
5,29200800460,BRUHAT BANGALORE MAHANAGARA PALIKE PREUNIVERSITY COLLEGE,253 10 TH NAIN ROADMAGADI ROAD BANGALORE,12.967566,77.5583595,VV Giri colony,Majestic,North,2542,no
5,29200800460,BRUHAT BANGALORE MAHANAGARA PALIKE PREUNIVERSITY COLLEGE,253 10 TH NAIN ROADMAGADI ROAD BANGALORE,12.967566,77.5583595,Gawtham Nagar,Majestic,North,2563,no
5,29200800460,BRUHAT BANGALORE MAHANAGARA PALIKE PREUNIVERSITY COLLEGE,253 10 TH NAIN ROADMAGADI ROAD BANGALORE,12.967566,77.5583595,Rasaldhar Street,Majestic,North,2567,no
5,29200800460,BRUHAT BANGALORE MAHANAGARA PALIKE PREUNIVERSITY COLLEGE,253 10 TH NAIN ROADMAGADI ROAD BANGALORE,12.967566,77.5583595,Srirampura,Majestic,North,2641,no
5,29200800460,BRUHAT BANGALORE MAHANAGARA PALIKE PREUNIVERSITY COLLEGE,253 10 TH NAIN ROADMAGADI ROAD BANGALORE,12.967566,77.5583595,Dayananda Nagar,Majestic,North,2658,no
5,29200800460,BRUHAT BANGALORE MAHANAGARA PALIKE PREUNIVERSITY COLLEGE,253 10 TH NAIN ROADMAGADI ROAD BANGALORE,12.967566,77.5583595,RKS,Majestic,North,2658,no
5,29200800460,BRUHAT BANGALORE MAHANAGARA PALIKE PREUNIVERSITY COLLEGE,253 10 TH NAIN ROADMAGADI ROAD BANGALORE,12.967566,77.5583595,Swathanthra Nagar,Majestic,North,2749,no
5,29200800460,BRUHAT BANGALORE MAHANAGARA PALIKE PREUNIVERSITY COLLEGE,253 10 TH NAIN ROADMAGADI ROAD BANGALORE,12.967566,77.5583595,AK Badavane,JJR Nagar,Central,2759,no
5,29200800460,BRUHAT BANGALORE MAHANAGARA PALIKE PREUNIVERSITY COLLEGE,253 10 TH NAIN ROADMAGADI ROAD BANGALORE,12.967566,77.5583595,Railway Station/Ambedkar Nagar,Majestic,North,2793,no
5,29200800460,BRUHAT BANGALORE MAHANAGARA PALIKE PREUNIVERSITY COLLEGE,253 10 TH NAIN ROADMAGADI ROAD BANGALORE,12.967566,77.5583595,Corporation Colony,Nagarbhavi,Central,2824,no
5,29200800460,BRUHAT BANGALORE MAHANAGARA PALIKE PREUNIVERSITY COLLEGE,253 10 TH NAIN ROADMAGADI ROAD BANGALORE,12.967566,77.5583595,Venkateshwara slum,Nagarbhavi,Central,2860,no
5,29200800460,BRUHAT BANGALORE MAHANAGARA PALIKE PREUNIVERSITY COLLEGE,253 10 TH NAIN ROADMAGADI ROAD BANGALORE,12.967566,77.5583595,Gurappa Garden,KR Market,Central,2990,no
5,29200800460,BRUHAT BANGALORE MAHANAGARA PALIKE PREUNIVERSITY COLLEGE,253 10 TH NAIN ROADMAGADI ROAD BANGALORE,12.967566,77.5583595,Ramanna Garden,KR Market,Central,3053,no
5,29200800460,BRUHAT BANGALORE MAHANAGARA PALIKE PREUNIVERSITY COLLEGE,253 10 TH NAIN ROADMAGADI ROAD BANGALORE,12.967566,77.5583595,Vinoba nagar,KR Market,Central,3075,no
5,29200800460,BRUHAT BANGALORE MAHANAGARA PALIKE PREUNIVERSITY COLLEGE,253 10 TH NAIN ROADMAGADI ROAD BANGALORE,12.967566,77.5583595,Valluvarpurm,Majestic,North,3153,no
5,29200800460,BRUHAT BANGALORE MAHANAGARA PALIKE PREUNIVERSITY COLLEGE,253 10 TH NAIN ROADMAGADI ROAD BANGALORE,12.967566,77.5583595,Kanaka Nagar,Nagarbhavi,Central,3243,no
5,29200800460,BRUHAT BANGALORE MAHANAGARA PALIKE PREUNIVERSITY COLLEGE,253 10 TH NAIN ROADMAGADI ROAD BANGALORE,12.967566,77.5583595,Nanjarasappa Badavane,Nagarbhavi,Central,3442,no
5,29200800460,BRUHAT BANGALORE MAHANAGARA PALIKE PREUNIVERSITY COLLEGE,253 10 TH NAIN ROADMAGADI ROAD BANGALORE,12.967566,77.5583595,Kurilingappa Garden,Nagarbhavi,Central,3544,no
5,29200800460,BRUHAT BANGALORE MAHANAGARA PALIKE PREUNIVERSITY COLLEGE,253 10 TH NAIN ROADMAGADI ROAD BANGALORE,12.967566,77.5583595,Ganapathi Slum,Nagarbhavi,Central,3547,no
5,29200800460,BRUHAT BANGALORE MAHANAGARA PALIKE PREUNIVERSITY COLLEGE,253 10 TH NAIN ROADMAGADI ROAD BANGALORE,12.967566,77.5583595,Vivekananda block,Majestic,North,3799,no
5,29200800460,BRUHAT BANGALORE MAHANAGARA PALIKE PREUNIVERSITY COLLEGE,253 10 TH NAIN ROADMAGADI ROAD BANGALORE,12.967566,77.5583595,Anjaneya block,Majestic,North,3845,no
5,29200800460,BRUHAT BANGALORE MAHANAGARA PALIKE PREUNIVERSITY COLLEGE,253 10 TH NAIN ROADMAGADI ROAD BANGALORE,12.967566,77.5583595,Chamundi Slum,Nagarbhavi,Central,3997,no
6,29200911821,CORPORATION HS,8th Main Byrasandra Jayanagara 1st block east8th main Byrasandra Jayanagara 1st block,12.9331225,77.5925583,Kaveramma temple,Jayanagar,South,295,yes
6,29200911821,CORPORATION HS,8th Main Byrasandra Jayanagara 1st block east8th main Byrasandra Jayanagara 1st block,12.9331225,77.5925583,Urs colony,Jayanagar,South,1191,no
6,29200911821,CORPORATION HS,8th Main Byrasandra Jayanagara 1st block east8th main Byrasandra Jayanagara 1st block,12.9331225,77.5925583,Indira G colony,Jayanagar,South,1386,no
6,29200911821,CORPORATION HS,8th Main Byrasandra Jayanagara 1st block east8th main Byrasandra Jayanagara 1st block,12.9331225,77.5925583,Ragigudda I,Jayanagar,South,2411,no
6,29200911821,CORPORATION HS,8th Main Byrasandra Jayanagara 1st block east8th main Byrasandra Jayanagara 1st block,12.9331225,77.5925583,Ragigudda II,Jayanagar,South,2411,no
6,29200911821,CORPORATION HS,8th Main Byrasandra Jayanagara 1st block east8th main Byrasandra Jayanagara 1st block,12.9331225,77.5925583,Vinoba nagar,KR Market,Central,2783,no
6,29200911821,CORPORATION HS,8th Main Byrasandra Jayanagara 1st block east8th main Byrasandra Jayanagara 1st block,12.9331225,77.5925583,Gurappa Garden,KR Market,Central,2810,no
6,29200911821,CORPORATION HS,8th Main Byrasandra Jayanagara 1st block east8th main Byrasandra Jayanagara 1st block,12.9331225,77.5925583,Rajendra Nagar I,Koramangala,South,2946,no
6,29200911821,CORPORATION HS,8th Main Byrasandra Jayanagara 1st block east8th main Byrasandra Jayanagara 1st block,12.9331225,77.5925583,Ramanna Garden,KR Market,Central,3079,no
6,29200911821,CORPORATION HS,8th Main Byrasandra Jayanagara 1st block east8th main Byrasandra Jayanagara 1st block,12.9331225,77.5925583,Geetanajali,Koramangala,South,3086,no
6,29200911821,CORPORATION HS,8th Main Byrasandra Jayanagara 1st block east8th main Byrasandra Jayanagara 1st block,12.9331225,77.5925583,Shastri Nagar,Koramangala,South,3243,no
6,29200911821,CORPORATION HS,8th Main Byrasandra Jayanagara 1st block east8th main Byrasandra Jayanagara 1st block,12.9331225,77.5925583,Siddarth nagar,Anekal,South,3272,no
6,29200911821,CORPORATION HS,8th Main Byrasandra Jayanagara 1st block east8th main Byrasandra Jayanagara 1st block,12.9331225,77.5925583,Samatha nagar,Koramangala,South,3619,no
6,29200911821,CORPORATION HS,8th Main Byrasandra Jayanagara 1st block east8th main Byrasandra Jayanagara 1st block,12.9331225,77.5925583,Indira Gandhi slum Ejipura,Koramangala,South,3763,no
6,29200911821,CORPORATION HS,8th Main Byrasandra Jayanagara 1st block east8th main Byrasandra Jayanagara 1st block,12.9331225,77.5925583,New Tharagupet,KR Market,Central,3816,no
7,29200804114,BBMP PU COLLEGE BAIRAVESHWARANAGARA,", SOUTH2, BENGALURU U SOUTH",12.9632102,77.5189524,Hoysala Nagar,Nagarbhavi,Central,327,yes
7,29200804114,BBMP PU COLLEGE BAIRAVESHWARANAGARA,", SOUTH2, BENGALURU U SOUTH",12.9632102,77.5189524,Krishnappa Garden,Yeshwantpur,West,418,no
7,29200804114,BBMP PU COLLEGE BAIRAVESHWARANAGARA,", SOUTH2, BENGALURU U SOUTH",12.9632102,77.5189524,Nanjarasappa Badavane,Nagarbhavi,Central,861,no
7,29200804114,BBMP PU COLLEGE BAIRAVESHWARANAGARA,", SOUTH2, BENGALURU U SOUTH",12.9632102,77.5189524,Kurilingappa Garden,Nagarbhavi,Central,1149,no
7,29200804114,BBMP PU COLLEGE BAIRAVESHWARANAGARA,", SOUTH2, BENGALURU U SOUTH",12.9632102,77.5189524,Devegowda slum,Nagarbhavi,Central,1239,no
7,29200804114,BBMP PU COLLEGE BAIRAVESHWARANAGARA,", SOUTH2, BENGALURU U SOUTH",12.9632102,77.5189524,Kanaka Nagar,Nagarbhavi,Central,1246,no
7,29200804114,BBMP PU COLLEGE BAIRAVESHWARANAGARA,", SOUTH2, BENGALURU U SOUTH",12.9632102,77.5189524,Patankot,Nagarbhavi,Central,1311,no
7,29200804114,BBMP PU COLLEGE BAIRAVESHWARANAGARA,", SOUTH2, BENGALURU U SOUTH",12.9632102,77.5189524,Gangondanahalli,Nagarbhavi,Central,1504,no
7,29200804114,BBMP PU COLLEGE BAIRAVESHWARANAGARA,", SOUTH2, BENGALURU U SOUTH",12.9632102,77.5189524,Sarkari Oni,Yeshwantpur,West,2364,no
7,29200804114,BBMP PU COLLEGE BAIRAVESHWARANAGARA,", SOUTH2, BENGALURU U SOUTH",12.9632102,77.5189524,Corporation Colony,Nagarbhavi,Central,2402,no
7,29200804114,BBMP PU COLLEGE BAIRAVESHWARANAGARA,", SOUTH2, BENGALURU U SOUTH",12.9632102,77.5189524,Venkateshwara slum,Nagarbhavi,Central,2426,no
7,29200804114,BBMP PU COLLEGE BAIRAVESHWARANAGARA,", SOUTH2, BENGALURU U SOUTH",12.9632102,77.5189524,Thimmenahalli,Nagarbhavi,Central,2511,no
7,29200804114,BBMP PU COLLEGE BAIRAVESHWARANAGARA,", SOUTH2, BENGALURU U SOUTH",12.9632102,77.5189524,Ambedkar Quarters,Nagarbhavi,Central,2538,no
7,29200804114,BBMP PU COLLEGE BAIRAVESHWARANAGARA,", SOUTH2, BENGALURU U SOUTH",12.9632102,77.5189524,Ambedkar Nagar-105,Nagarbhavi,Central,2538,no
7,29200804114,BBMP PU COLLEGE BAIRAVESHWARANAGARA,", SOUTH2, BENGALURU U SOUTH",12.9632102,77.5189524,Sumanahalli,Peenya North,North,2557,no
7,29200804114,BBMP PU COLLEGE BAIRAVESHWARANAGARA,", SOUTH2, BENGALURU U SOUTH",12.9632102,77.5189524,Kottigepalya,Peenya North,North,2567,no
7,29200804114,BBMP PU COLLEGE BAIRAVESHWARANAGARA,", SOUTH2, BENGALURU U SOUTH",12.9632102,77.5189524,AK Colony,JJR Nagar,Central,2768,no
7,29200804114,BBMP PU COLLEGE BAIRAVESHWARANAGARA,", SOUTH2, BENGALURU U SOUTH",12.9632102,77.5189524,Ganapathi Slum,Nagarbhavi,Central,2825,no
7,29200804114,BBMP PU COLLEGE BAIRAVESHWARANAGARA,", SOUTH2, BENGALURU U SOUTH",12.9632102,77.5189524,Atmajyothi Nagar,Ullalu,West,2916,no
7,29200804114,BBMP PU COLLEGE BAIRAVESHWARANAGARA,", SOUTH2, BENGALURU U SOUTH",12.9632102,77.5189524,Gada,JJR Nagar,Central,2982,no
7,29200804114,BBMP PU COLLEGE BAIRAVESHWARANAGARA,", SOUTH2, BENGALURU U SOUTH",12.9632102,77.5189524,AK Badavane,JJR Nagar,Central,3034,no
7,29200804114,BBMP PU COLLEGE BAIRAVESHWARANAGARA,", SOUTH2, BENGALURU U SOUTH",12.9632102,77.5189524,Arfath Nagar I & II,JJR Nagar,Central,3112,no
7,29200804114,BBMP PU COLLEGE BAIRAVESHWARANAGARA,", SOUTH2, BENGALURU U SOUTH",12.9632102,77.5189524,Narasimaiah Colony,JJR Nagar,Central,3171,no
7,29200804114,BBMP PU COLLEGE BAIRAVESHWARANAGARA,", SOUTH2, BENGALURU U SOUTH",12.9632102,77.5189524,Devarajurs Nagar,JJR Nagar,Central,3310,no
7,29200804114,BBMP PU COLLEGE BAIRAVESHWARANAGARA,", SOUTH2, BENGALURU U SOUTH",12.9632102,77.5189524,D'souza Nagar,Nagarbhavi,Central,3349,no
7,29200804114,BBMP PU COLLEGE BAIRAVESHWARANAGARA,", SOUTH2, BENGALURU U SOUTH",12.9632102,77.5189524,7th & 8th Mn Rd Padarayanapura,JJR Nagar,Central,3387,no
7,29200804114,BBMP PU COLLEGE BAIRAVESHWARANAGARA,", SOUTH2, BENGALURU U SOUTH",12.9632102,77.5189524,Mutthurayana Nagar,Nagarbhavi,Central,3397,no
7,29200804114,BBMP PU COLLEGE BAIRAVESHWARANAGARA,", SOUTH2, BENGALURU U SOUTH",12.9632102,77.5189524,Vinayaka Nagar,JJR Nagar,Central,3433,no
7,29200804114,BBMP PU COLLEGE BAIRAVESHWARANAGARA,", SOUTH2, BENGALURU U SOUTH",12.9632102,77.5189524,Sanjay Nagar,JJR Nagar,Central,3479,no
7,29200804114,BBMP PU COLLEGE BAIRAVESHWARANAGARA,", SOUTH2, BENGALURU U SOUTH",12.9632102,77.5189524,Janata Colony,JJR Nagar,Central,3539,no
7,29200804114,BBMP PU COLLEGE BAIRAVESHWARANAGARA,", SOUTH2, BENGALURU U SOUTH",12.9632102,77.5189524,Veerabhadra Nagar,Nagarbhavi,Central,3548,no
7,29200804114,BBMP PU COLLEGE BAIRAVESHWARANAGARA,", SOUTH2, BENGALURU U SOUTH",12.9632102,77.5189524,Javaregoudana Doddi,Nagarbhavi,Central,3674,no
7,29200804114,BBMP PU COLLEGE BAIRAVESHWARANAGARA,", SOUTH2, BENGALURU U SOUTH",12.9632102,77.5189524,Boomatha Seva Sangha,JJR Nagar,Central,3684,no
7,29200804114,BBMP PU COLLEGE BAIRAVESHWARANAGARA,", SOUTH2, BENGALURU U SOUTH",12.9632102,77.5189524,Chamundi Slum,Nagarbhavi,Central,3750,no
7,29200804114,BBMP PU COLLEGE BAIRAVESHWARANAGARA,", SOUTH2, BENGALURU U SOUTH",12.9632102,77.5189524,Ambedkar Nagar,Ullalu,West,3756,no
7,29200804114,BBMP PU COLLEGE BAIRAVESHWARANAGARA,", SOUTH2, BENGALURU U SOUTH",12.9632102,77.5189524,VS Garden,Rayapuram,Central,3785,no
7,29200804114,BBMP PU COLLEGE BAIRAVESHWARANAGARA,", SOUTH2, BENGALURU U SOUTH",12.9632102,77.5189524,Farookhiya Nagar I & II,JJR Nagar,Central,3796,no
7,29200804114,BBMP PU COLLEGE BAIRAVESHWARANAGARA,", SOUTH2, BENGALURU U SOUTH",12.9632102,77.5189524,Handigudisalu,Majestic,North,3798,no
7,29200804114,BBMP PU COLLEGE BAIRAVESHWARANAGARA,", SOUTH2, BENGALURU U SOUTH",12.9632102,77.5189524,IPD Salappa Layout,Rayapuram,Central,3802,no
8,29200800715,MAHANAGARA PALIKE KLPS COTTONP,BBMP LOWER PRIMARY SCHOOL AKKIPETE COTTONPETE B-53,12.96938,77.57156,Saw Mill Lane,KR Market,Central,350,yes
8,29200800715,MAHANAGARA PALIKE KLPS COTTONP,BBMP LOWER PRIMARY SCHOOL AKKIPETE COTTONPETE B-53,12.96938,77.57156,Bhakshi Garden I & II,KR Market,Central,359,no
8,29200800715,MAHANAGARA PALIKE KLPS COTTONP,BBMP LOWER PRIMARY SCHOOL AKKIPETE COTTONPETE B-53,12.96938,77.57156,Jolly Mohalla,KR Market,Central,436,no
8,29200800715,MAHANAGARA PALIKE KLPS COTTONP,BBMP LOWER PRIMARY SCHOOL AKKIPETE COTTONPETE B-53,12.96938,77.57156,Velmurugapuram,KR Market,Central,547,no
8,29200800715,MAHANAGARA PALIKE KLPS COTTONP,BBMP LOWER PRIMARY SCHOOL AKKIPETE COTTONPETE B-53,12.96938,77.57156,Cheluvadipalya,KR Market,Central,565,no
8,29200800715,MAHANAGARA PALIKE KLPS COTTONP,BBMP LOWER PRIMARY SCHOOL AKKIPETE COTTONPETE B-53,12.96938,77.57156,Sidhartha Nagar,KR Market,Central,634,no
8,29200800715,MAHANAGARA PALIKE KLPS COTTONP,BBMP LOWER PRIMARY SCHOOL AKKIPETE COTTONPETE B-53,12.96938,77.57156,Bhangi Colony,KR Market,Central,725,no
8,29200800715,MAHANAGARA PALIKE KLPS COTTONP,BBMP LOWER PRIMARY SCHOOL AKKIPETE COTTONPETE B-53,12.96938,77.57156,Old Pension Mohalla,KR Market,Central,745,no
8,29200800715,MAHANAGARA PALIKE KLPS COTTONP,BBMP LOWER PRIMARY SCHOOL AKKIPETE COTTONPETE B-53,12.96938,77.57156,VST colony,Majestic,North,813,no
8,29200800715,MAHANAGARA PALIKE KLPS COTTONP,BBMP LOWER PRIMARY SCHOOL AKKIPETE COTTONPETE B-53,12.96938,77.57156,Giripuram,KR Market,Central,856,no
8,29200800715,MAHANAGARA PALIKE KLPS COTTONP,BBMP LOWER PRIMARY SCHOOL AKKIPETE COTTONPETE B-53,12.96938,77.57156,New Tharagupet,KR Market,Central,873,no
8,29200800715,MAHANAGARA PALIKE KLPS COTTONP,BBMP LOWER PRIMARY SCHOOL AKKIPETE COTTONPETE B-53,12.96938,77.57156,Anandapuram I & II,KR Market,Central,898,no
8,29200800715,MAHANAGARA PALIKE KLPS COTTONP,BBMP LOWER PRIMARY SCHOOL AKKIPETE COTTONPETE B-53,12.96938,77.57156,Himalaya Huts,Majestic,North,943,no
8,29200800715,MAHANAGARA PALIKE KLPS COTTONP,BBMP LOWER PRIMARY SCHOOL AKKIPETE COTTONPETE B-53,12.96938,77.57156,Nagamma Nagar,JJR Nagar,Central,955,no
8,29200800715,MAHANAGARA PALIKE KLPS COTTONP,BBMP LOWER PRIMARY SCHOOL AKKIPETE COTTONPETE B-53,12.96938,77.57156,Anjanappa Garden I & II,KR Market,Central,958,no
8,29200800715,MAHANAGARA PALIKE KLPS COTTONP,BBMP LOWER PRIMARY SCHOOL AKKIPETE COTTONPETE B-53,12.96938,77.57156,Adimoola Compound,KR Market,Central,962,no
8,29200800715,MAHANAGARA PALIKE KLPS COTTONP,BBMP LOWER PRIMARY SCHOOL AKKIPETE COTTONPETE B-53,12.96938,77.57156,Anjaneya Temple,KR Market,Central,1003,no
8,29200800715,MAHANAGARA PALIKE KLPS COTTONP,BBMP LOWER PRIMARY SCHOOL AKKIPETE COTTONPETE B-53,12.96938,77.57156,Keshava Nagar,JJR Nagar,Central,1030,no
8,29200800715,MAHANAGARA PALIKE KLPS COTTONP,BBMP LOWER PRIMARY SCHOOL AKKIPETE COTTONPETE B-53,12.96938,77.57156,Tippu Nagar,KR Market,Central,1034,no
8,29200800715,MAHANAGARA PALIKE KLPS COTTONP,BBMP LOWER PRIMARY SCHOOL AKKIPETE COTTONPETE B-53,12.96938,77.57156,Vinny Colony,JJR Nagar,Central,1047,no
8,29200800715,MAHANAGARA PALIKE KLPS COTTONP,BBMP LOWER PRIMARY SCHOOL AKKIPETE COTTONPETE B-53,12.96938,77.57156,Ashwath Nagar,JJR Nagar,Central,1076,no
8,29200800715,MAHANAGARA PALIKE KLPS COTTONP,BBMP LOWER PRIMARY SCHOOL AKKIPETE COTTONPETE B-53,12.96938,77.57156,Minerva Mill,Majestic,North,1179,no
8,29200800715,MAHANAGARA PALIKE KLPS COTTONP,BBMP LOWER PRIMARY SCHOOL AKKIPETE COTTONPETE B-53,12.96938,77.57156,Gopalpura,Majestic,North,1363,no
8,29200800715,MAHANAGARA PALIKE KLPS COTTONP,BBMP LOWER PRIMARY SCHOOL AKKIPETE COTTONPETE B-53,12.96938,77.57156,Lakshmanapuri,Majestic,North,1399,no
8,29200800715,MAHANAGARA PALIKE KLPS COTTONP,BBMP LOWER PRIMARY SCHOOL AKKIPETE COTTONPETE B-53,12.96938,77.57156,Ambedkar Nagar-97,Majestic,North,1559,no
8,29200800715,MAHANAGARA PALIKE KLPS COTTONP,BBMP LOWER PRIMARY SCHOOL AKKIPETE COTTONPETE B-53,12.96938,77.57156,JJR Nagar North,Rayapuram,Central,1582,no
8,29200800715,MAHANAGARA PALIKE KLPS COTTONP,BBMP LOWER PRIMARY SCHOOL AKKIPETE COTTONPETE B-53,12.96938,77.57156,JCW Nagar,Majestic,North,1596,no
8,29200800715,MAHANAGARA PALIKE KLPS COTTONP,BBMP LOWER PRIMARY SCHOOL AKKIPETE COTTONPETE B-53,12.96938,77.57156,Okalipuram,Majestic,North,1657,no
8,29200800715,MAHANAGARA PALIKE KLPS COTTONP,BBMP LOWER PRIMARY SCHOOL AKKIPETE COTTONPETE B-53,12.96938,77.57156,JJR Nagar South,Rayapuram,Central,1691,no
8,29200800715,MAHANAGARA PALIKE KLPS COTTONP,BBMP LOWER PRIMARY SCHOOL AKKIPETE COTTONPETE B-53,12.96938,77.57156,VV Giri colony,Majestic,North,1702,no
8,29200800715,MAHANAGARA PALIKE KLPS COTTONP,BBMP LOWER PRIMARY SCHOOL AKKIPETE COTTONPETE B-53,12.96938,77.57156,Harikunte,Rayapuram,Central,1740,no
8,29200800715,MAHANAGARA PALIKE KLPS COTTONP,BBMP LOWER PRIMARY SCHOOL AKKIPETE COTTONPETE B-53,12.96938,77.57156,Hanumanthappa Colony,Majestic,North,1759,no
8,29200800715,MAHANAGARA PALIKE KLPS COTTONP,BBMP LOWER PRIMARY SCHOOL AKKIPETE COTTONPETE B-53,12.96938,77.57156,Rasaldhar Street,Majestic,North,1832,no
8,29200800715,MAHANAGARA PALIKE KLPS COTTONP,BBMP LOWER PRIMARY SCHOOL AKKIPETE COTTONPETE B-53,12.96938,77.57156,Ramanna Garden,KR Market,Central,1834,no
8,29200800715,MAHANAGARA PALIKE KLPS COTTONP,BBMP LOWER PRIMARY SCHOOL AKKIPETE COTTONPETE B-53,12.96938,77.57156,Vivekananda Nagar,Majestic,North,1852,no
8,29200800715,MAHANAGARA PALIKE KLPS COTTONP,BBMP LOWER PRIMARY SCHOOL AKKIPETE COTTONPETE B-53,12.96938,77.57156,Gurappa Garden,KR Market,Central,1913,no
8,29200800715,MAHANAGARA PALIKE KLPS COTTONP,BBMP LOWER PRIMARY SCHOOL AKKIPETE COTTONPETE B-53,12.96938,77.57156,IPD Salappa Layout,Rayapuram,Central,1946,no
8,29200800715,MAHANAGARA PALIKE KLPS COTTONP,BBMP LOWER PRIMARY SCHOOL AKKIPETE COTTONPETE B-53,12.96938,77.57156,VS Garden,Rayapuram,Central,1957,no
8,29200800715,MAHANAGARA PALIKE KLPS COTTONP,BBMP LOWER PRIMARY SCHOOL AKKIPETE COTTONPETE B-53,12.96938,77.57156,Handigudisalu,Majestic,North,1958,no
8,29200800715,MAHANAGARA PALIKE KLPS COTTONP,BBMP LOWER PRIMARY SCHOOL AKKIPETE COTTONPETE B-53,12.96938,77.57156,Vinoba nagar,KR Market,Central,1976,no
8,29200800715,MAHANAGARA PALIKE KLPS COTTONP,BBMP LOWER PRIMARY SCHOOL AKKIPETE COTTONPETE B-53,12.96938,77.57156,Hanumanthapura,Majestic,North,2066,no
8,29200800715,MAHANAGARA PALIKE KLPS COTTONP,BBMP LOWER PRIMARY SCHOOL AKKIPETE COTTONPETE B-53,12.96938,77.57156,Farookhiya Nagar I & II,JJR Nagar,Central,2073,no
8,29200800715,MAHANAGARA PALIKE KLPS COTTONP,BBMP LOWER PRIMARY SCHOOL AKKIPETE COTTONPETE B-53,12.96938,77.57156,Kasturi Nagar,Majestic,North,2165,no
8,29200800715,MAHANAGARA PALIKE KLPS COTTONP,BBMP LOWER PRIMARY SCHOOL AKKIPETE COTTONPETE B-53,12.96938,77.57156,Srirampura,Majestic,North,2232,no
8,29200800715,MAHANAGARA PALIKE KLPS COTTONP,BBMP LOWER PRIMARY SCHOOL AKKIPETE COTTONPETE B-53,12.96938,77.57156,Gawtham Nagar,Majestic,North,2236,no
8,29200800715,MAHANAGARA PALIKE KLPS COTTONP,BBMP LOWER PRIMARY SCHOOL AKKIPETE COTTONPETE B-53,12.96938,77.57156,Swathanthra Nagar,Majestic,North,2308,no
8,29200800715,MAHANAGARA PALIKE KLPS COTTONP,BBMP LOWER PRIMARY SCHOOL AKKIPETE COTTONPETE B-53,12.96938,77.57156,RKS,Majestic,North,2323,no
8,29200800715,MAHANAGARA PALIKE KLPS COTTONP,BBMP LOWER PRIMARY SCHOOL AKKIPETE COTTONPETE B-53,12.96938,77.57156,Boomatha Seva Sangha,JJR Nagar,Central,2360,no
8,29200800715,MAHANAGARA PALIKE KLPS COTTONP,BBMP LOWER PRIMARY SCHOOL AKKIPETE COTTONPETE B-53,12.96938,77.57156,7th & 8th Mn Rd Padarayanapura,JJR Nagar,Central,2364,no
8,29200800715,MAHANAGARA PALIKE KLPS COTTONP,BBMP LOWER PRIMARY SCHOOL AKKIPETE COTTONPETE B-53,12.96938,77.57156,Janata Colony,JJR Nagar,Central,2392,no
8,29200800715,MAHANAGARA PALIKE KLPS COTTONP,BBMP LOWER PRIMARY SCHOOL AKKIPETE COTTONPETE B-53,12.96938,77.57156,Railway Station/Ambedkar Nagar,Majestic,North,2467,no
8,29200800715,MAHANAGARA PALIKE KLPS COTTONP,BBMP LOWER PRIMARY SCHOOL AKKIPETE COTTONPETE B-53,12.96938,77.57156,Vinayaka Nagar,JJR Nagar,Central,2527,no
8,29200800715,MAHANAGARA PALIKE KLPS COTTONP,BBMP LOWER PRIMARY SCHOOL AKKIPETE COTTONPETE B-53,12.96938,77.57156,Dayananda Nagar,Majestic,North,2563,no
8,29200800715,MAHANAGARA PALIKE KLPS COTTONP,BBMP LOWER PRIMARY SCHOOL AKKIPETE COTTONPETE B-53,12.96938,77.57156,Devarajurs Nagar,JJR Nagar,Central,2587,no
8,29200800715,MAHANAGARA PALIKE KLPS COTTONP,BBMP LOWER PRIMARY SCHOOL AKKIPETE COTTONPETE B-53,12.96938,77.57156,Arfath Nagar I & II,JJR Nagar,Central,2670,no
8,29200800715,MAHANAGARA PALIKE KLPS COTTONP,BBMP LOWER PRIMARY SCHOOL AKKIPETE COTTONPETE B-53,12.96938,77.57156,Valluvarpurm,Majestic,North,2750,no
8,29200800715,MAHANAGARA PALIKE KLPS COTTONP,BBMP LOWER PRIMARY SCHOOL AKKIPETE COTTONPETE B-53,12.96938,77.57156,Gada,JJR Nagar,Central,2789,no
8,29200800715,MAHANAGARA PALIKE KLPS COTTONP,BBMP LOWER PRIMARY SCHOOL AKKIPETE COTTONPETE B-53,12.96938,77.57156,Vivekananda block,Majestic,North,3128,no
8,29200800715,MAHANAGARA PALIKE KLPS COTTONP,BBMP LOWER PRIMARY SCHOOL AKKIPETE COTTONPETE B-53,12.96938,77.57156,Sanjay Nagar,JJR Nagar,Central,3134,no
8,29200800715,MAHANAGARA PALIKE KLPS COTTONP,BBMP LOWER PRIMARY SCHOOL AKKIPETE COTTONPETE B-53,12.96938,77.57156,Anjaneya block,Majestic,North,3175,no
8,29200800715,MAHANAGARA PALIKE KLPS COTTONP,BBMP LOWER PRIMARY SCHOOL AKKIPETE COTTONPETE B-53,12.96938,77.57156,Sarkari Oni,Yeshwantpur,West,3416,no
8,29200800715,MAHANAGARA PALIKE KLPS COTTONP,BBMP LOWER PRIMARY SCHOOL AKKIPETE COTTONPETE B-53,12.96938,77.57156,Narasimaiah Colony,JJR Nagar,Central,3448,no
8,29200800715,MAHANAGARA PALIKE KLPS COTTONP,BBMP LOWER PRIMARY SCHOOL AKKIPETE COTTONPETE B-53,12.96938,77.57156,AK Colony,JJR Nagar,Central,3797,no
8,29200800715,MAHANAGARA PALIKE KLPS COTTONP,BBMP LOWER PRIMARY SCHOOL AKKIPETE COTTONPETE B-53,12.96938,77.57156,Thimmenahalli,Nagarbhavi,Central,3817,no
8,29200800715,MAHANAGARA PALIKE KLPS COTTONP,BBMP LOWER PRIMARY SCHOOL AKKIPETE COTTONPETE B-53,12.96938,77.57156,AK Badavane,JJR Nagar,Central,3940,no
9,29280503813,BBMP HIGH SCHOOL LAGGERE,"BBMP HIGH SCHOOL, LAGGERE, BENGALURU",12.9969935,77.567462,Valluvarpurm,Majestic,North,372,yes
9,29280503813,BBMP HIGH SCHOOL LAGGERE,"BBMP HIGH SCHOOL, LAGGERE, BENGALURU",12.9969935,77.567462,Railway Station/Ambedkar Nagar,Majestic,North,649,no
9,29280503813,BBMP HIGH SCHOOL LAGGERE,"BBMP HIGH SCHOOL, LAGGERE, BENGALURU",12.9969935,77.567462,RKS,Majestic,North,795,no
9,29280503813,BBMP HIGH SCHOOL LAGGERE,"BBMP HIGH SCHOOL, LAGGERE, BENGALURU",12.9969935,77.567462,Swathanthra Nagar,Majestic,North,798,no
9,29280503813,BBMP HIGH SCHOOL LAGGERE,"BBMP HIGH SCHOOL, LAGGERE, BENGALURU",12.9969935,77.567462,Dayananda Nagar,Majestic,North,807,no
9,29280503813,BBMP HIGH SCHOOL LAGGERE,"BBMP HIGH SCHOOL, LAGGERE, BENGALURU",12.9969935,77.567462,Srirampura,Majestic,North,871,no
9,29280503813,BBMP HIGH SCHOOL LAGGERE,"BBMP HIGH SCHOOL, LAGGERE, BENGALURU",12.9969935,77.567462,Gawtham Nagar,Majestic,North,890,no
9,29280503813,BBMP HIGH SCHOOL LAGGERE,"BBMP HIGH SCHOOL, LAGGERE, BENGALURU",12.9969935,77.567462,Vivekananda block,Majestic,North,902,no
9,29280503813,BBMP HIGH SCHOOL LAGGERE,"BBMP HIGH SCHOOL, LAGGERE, BENGALURU",12.9969935,77.567462,Anjaneya block,Majestic,North,918,no
9,29280503813,BBMP HIGH SCHOOL LAGGERE,"BBMP HIGH SCHOOL, LAGGERE, BENGALURU",12.9969935,77.567462,Kasturi Nagar,Majestic,North,968,no
9,29280503813,BBMP HIGH SCHOOL LAGGERE,"BBMP HIGH SCHOOL, LAGGERE, BENGALURU",12.9969935,77.567462,Hanumanthapura,Majestic,North,1037,no
9,29280503813,BBMP HIGH SCHOOL LAGGERE,"BBMP HIGH SCHOOL, LAGGERE, BENGALURU",12.9969935,77.567462,Vivekananda Nagar,Majestic,North,1250,no
9,29280503813,BBMP HIGH SCHOOL LAGGERE,"BBMP HIGH SCHOOL, LAGGERE, BENGALURU",12.9969935,77.567462,Rasaldhar Street,Majestic,North,1376,no
9,29280503813,BBMP HIGH SCHOOL LAGGERE,"BBMP HIGH SCHOOL, LAGGERE, BENGALURU",12.9969935,77.567462,Hanumanthappa Colony,Majestic,North,1381,no
9,29280503813,BBMP HIGH SCHOOL LAGGERE,"BBMP HIGH SCHOOL, LAGGERE, BENGALURU",12.9969935,77.567462,Okalipuram,Majestic,North,1471,no
9,29280503813,BBMP HIGH SCHOOL LAGGERE,"BBMP HIGH SCHOOL, LAGGERE, BENGALURU",12.9969935,77.567462,Ambedkar Nagar-97,Majestic,North,1549,no
9,29280503813,BBMP HIGH SCHOOL LAGGERE,"BBMP HIGH SCHOOL, LAGGERE, BENGALURU",12.9969935,77.567462,VV Giri colony,Majestic,North,1569,no
9,29280503813,BBMP HIGH SCHOOL LAGGERE,"BBMP HIGH SCHOOL, LAGGERE, BENGALURU",12.9969935,77.567462,JCW Nagar,Majestic,North,1623,no
9,29280503813,BBMP HIGH SCHOOL LAGGERE,"BBMP HIGH SCHOOL, LAGGERE, BENGALURU",12.9969935,77.567462,Lakshmanapuri,Majestic,North,1741,no
9,29280503813,BBMP HIGH SCHOOL LAGGERE,"BBMP HIGH SCHOOL, LAGGERE, BENGALURU",12.9969935,77.567462,Bheemshakthi Slum,Yeshwantpur,West,2206,no
9,29280503813,BBMP HIGH SCHOOL LAGGERE,"BBMP HIGH SCHOOL, LAGGERE, BENGALURU",12.9969935,77.567462,Minerva Mill,Majestic,North,2235,no
9,29280503813,BBMP HIGH SCHOOL LAGGERE,"BBMP HIGH SCHOOL, LAGGERE, BENGALURU",12.9969935,77.567462,Gopalpura,Majestic,North,2362,no
9,29280503813,BBMP HIGH SCHOOL LAGGERE,"BBMP HIGH SCHOOL, LAGGERE, BENGALURU",12.9969935,77.567462,Himalaya Huts,Majestic,North,2466,no
9,29280503813,BBMP HIGH SCHOOL LAGGERE,"BBMP HIGH SCHOOL, LAGGERE, BENGALURU",12.9969935,77.567462,VST colony,Majestic,North,2489,no
9,29280503813,BBMP HIGH SCHOOL LAGGERE,"BBMP HIGH SCHOOL, LAGGERE, BENGALURU",12.9969935,77.567462,Ashwath Nagar,JJR Nagar,Central,2599,no
9,29280503813,BBMP HIGH SCHOOL LAGGERE,"BBMP HIGH SCHOOL, LAGGERE, BENGALURU",12.9969935,77.567462,Vinny Colony,JJR Nagar,Central,2656,no
9,29280503813,BBMP HIGH SCHOOL LAGGERE,"BBMP HIGH SCHOOL, LAGGERE, BENGALURU",12.9969935,77.567462,Keshava Nagar,JJR Nagar,Central,2760,no
9,29280503813,BBMP HIGH SCHOOL LAGGERE,"BBMP HIGH SCHOOL, LAGGERE, BENGALURU",12.9969935,77.567462,Sharif Nagar,Yeshwantpur,West,2799,no
9,29280503813,BBMP HIGH SCHOOL LAGGERE,"BBMP HIGH SCHOOL, LAGGERE, BENGALURU",12.9969935,77.567462,Vinayaka Slum,Peenya - West,West,2922,no
9,29280503813,BBMP HIGH SCHOOL LAGGERE,"BBMP HIGH SCHOOL, LAGGERE, BENGALURU",12.9969935,77.567462,Nagamma Nagar,JJR Nagar,Central,3288,no
9,29280503813,BBMP HIGH SCHOOL LAGGERE,"BBMP HIGH SCHOOL, LAGGERE, BENGALURU",12.9969935,77.567462,Bhakshi Garden I & II,KR Market,Central,3345,no
9,29280503813,BBMP HIGH SCHOOL LAGGERE,"BBMP HIGH SCHOOL, LAGGERE, BENGALURU",12.9969935,77.567462,Saw Mill Lane,KR Market,Central,3352,no
9,29280503813,BBMP HIGH SCHOOL LAGGERE,"BBMP HIGH SCHOOL, LAGGERE, BENGALURU",12.9969935,77.567462,Bhangi Colony,KR Market,Central,3416,no
9,29280503813,BBMP HIGH SCHOOL LAGGERE,"BBMP HIGH SCHOOL, LAGGERE, BENGALURU",12.9969935,77.567462,Sidhartha Nagar,KR Market,Central,3426,no
9,29280503813,BBMP HIGH SCHOOL LAGGERE,"BBMP HIGH SCHOOL, LAGGERE, BENGALURU",12.9969935,77.567462,Handigudisalu,Majestic,North,3458,no
9,29280503813,BBMP HIGH SCHOOL LAGGERE,"BBMP HIGH SCHOOL, LAGGERE, BENGALURU",12.9969935,77.567462,Cheluvadipalya,KR Market,Central,3463,no
9,29280503813,BBMP HIGH SCHOOL LAGGERE,"BBMP HIGH SCHOOL, LAGGERE, BENGALURU",12.9969935,77.567462,Velmurugapuram,KR Market,Central,3501,no
9,29280503813,BBMP HIGH SCHOOL LAGGERE,"BBMP HIGH SCHOOL, LAGGERE, BENGALURU",12.9969935,77.567462,IPD Salappa Layout,Rayapuram,Central,3511,no
9,29280503813,BBMP HIGH SCHOOL LAGGERE,"BBMP HIGH SCHOOL, LAGGERE, BENGALURU",12.9969935,77.567462,Jolly Mohalla,KR Market,Central,3534,no
9,29280503813,BBMP HIGH SCHOOL LAGGERE,"BBMP HIGH SCHOOL, LAGGERE, BENGALURU",12.9969935,77.567462,Anjanappa Garden I & II,KR Market,Central,3566,no
9,29280503813,BBMP HIGH SCHOOL LAGGERE,"BBMP HIGH SCHOOL, LAGGERE, BENGALURU",12.9969935,77.567462,Old Pension Mohalla,KR Market,Central,3592,no
9,29280503813,BBMP HIGH SCHOOL LAGGERE,"BBMP HIGH SCHOOL, LAGGERE, BENGALURU",12.9969935,77.567462,VS Garden,Rayapuram,Central,3596,no
9,29280503813,BBMP HIGH SCHOOL LAGGERE,"BBMP HIGH SCHOOL, LAGGERE, BENGALURU",12.9969935,77.567462,Harikunte,Rayapuram,Central,3614,no
9,29280503813,BBMP HIGH SCHOOL LAGGERE,"BBMP HIGH SCHOOL, LAGGERE, BENGALURU",12.9969935,77.567462,JJR Nagar North,Rayapuram,Central,3698,no
9,29280503813,BBMP HIGH SCHOOL LAGGERE,"BBMP HIGH SCHOOL, LAGGERE, BENGALURU",12.9969935,77.567462,Giripuram,KR Market,Central,3702,no
9,29280503813,BBMP HIGH SCHOOL LAGGERE,"BBMP HIGH SCHOOL, LAGGERE, BENGALURU",12.9969935,77.567462,Anandapuram I & II,KR Market,Central,3823,no
9,29280503813,BBMP HIGH SCHOOL LAGGERE,"BBMP HIGH SCHOOL, LAGGERE, BENGALURU",12.9969935,77.567462,Adimoola Compound,KR Market,Central,3859,no
9,29280503813,BBMP HIGH SCHOOL LAGGERE,"BBMP HIGH SCHOOL, LAGGERE, BENGALURU",12.9969935,77.567462,Anjaneya Temple,KR Market,Central,3864,no
9,29280503813,BBMP HIGH SCHOOL LAGGERE,"BBMP HIGH SCHOOL, LAGGERE, BENGALURU",12.9969935,77.567462,JJR Nagar South,Rayapuram,Central,3910,no
9,29280503813,BBMP HIGH SCHOOL LAGGERE,"BBMP HIGH SCHOOL, LAGGERE, BENGALURU",12.9969935,77.567462,Tippu Nagar,KR Market,Central,3923,no
9,29280503813,BBMP HIGH SCHOOL LAGGERE,"BBMP HIGH SCHOOL, LAGGERE, BENGALURU",12.9969935,77.567462,Thimmenahalli,Nagarbhavi,Central,3953,no
9,29280503813,BBMP HIGH SCHOOL LAGGERE,"BBMP HIGH SCHOOL, LAGGERE, BENGALURU",12.9969935,77.567462,New Tharagupet,KR Market,Central,3975,no
9,29280503813,BBMP HIGH SCHOOL LAGGERE,"BBMP HIGH SCHOOL, LAGGERE, BENGALURU",12.9969935,77.567462,7th & 8th Mn Rd Padarayanapura,JJR Nagar,Central,3982,no
10,29200802255,BBMP HIGH SCHOOL CHAMARAJAPETE,BBMP HIGH SCHOOL CHAMARAJAPET BENGALOORU-560018,12.95972,77.56327,Tippu Nagar,KR Market,Central,381,yes
10,29200802255,BBMP HIGH SCHOOL CHAMARAJAPETE,BBMP HIGH SCHOOL CHAMARAJAPET BENGALOORU-560018,12.95972,77.56327,Anjaneya Temple,KR Market,Central,399,no
10,29200802255,BBMP HIGH SCHOOL CHAMARAJAPETE,BBMP HIGH SCHOOL CHAMARAJAPET BENGALOORU-560018,12.95972,77.56327,Adimoola Compound,KR Market,Central,449,no
10,29200802255,BBMP HIGH SCHOOL CHAMARAJAPETE,BBMP HIGH SCHOOL CHAMARAJAPET BENGALOORU-560018,12.95972,77.56327,Anandapuram I & II,KR Market,Central,520,no
10,29200802255,BBMP HIGH SCHOOL CHAMARAJAPETE,BBMP HIGH SCHOOL CHAMARAJAPET BENGALOORU-560018,12.95972,77.56327,Giripuram,KR Market,Central,547,no
10,29200802255,BBMP HIGH SCHOOL CHAMARAJAPETE,BBMP HIGH SCHOOL CHAMARAJAPET BENGALOORU-560018,12.95972,77.56327,Anjanappa Garden I & II,KR Market,Central,603,no
10,29200802255,BBMP HIGH SCHOOL CHAMARAJAPETE,BBMP HIGH SCHOOL CHAMARAJAPET BENGALOORU-560018,12.95972,77.56327,Old Pension Mohalla,KR Market,Central,663,no
10,29200802255,BBMP HIGH SCHOOL CHAMARAJAPETE,BBMP HIGH SCHOOL CHAMARAJAPET BENGALOORU-560018,12.95972,77.56327,JJR Nagar South,Rayapuram,Central,759,no
10,29200802255,BBMP HIGH SCHOOL CHAMARAJAPETE,BBMP HIGH SCHOOL CHAMARAJAPET BENGALOORU-560018,12.95972,77.56327,Bhangi Colony,KR Market,Central,778,no
10,29200802255,BBMP HIGH SCHOOL CHAMARAJAPETE,BBMP HIGH SCHOOL CHAMARAJAPET BENGALOORU-560018,12.95972,77.56327,Sidhartha Nagar,KR Market,Central,810,no
10,29200802255,BBMP HIGH SCHOOL CHAMARAJAPETE,BBMP HIGH SCHOOL CHAMARAJAPET BENGALOORU-560018,12.95972,77.56327,Cheluvadipalya,KR Market,Central,841,no
10,29200802255,BBMP HIGH SCHOOL CHAMARAJAPETE,BBMP HIGH SCHOOL CHAMARAJAPET BENGALOORU-560018,12.95972,77.56327,Velmurugapuram,KR Market,Central,853,no
10,29200802255,BBMP HIGH SCHOOL CHAMARAJAPETE,BBMP HIGH SCHOOL CHAMARAJAPET BENGALOORU-560018,12.95972,77.56327,JJR Nagar North,Rayapuram,Central,859,no
10,29200802255,BBMP HIGH SCHOOL CHAMARAJAPETE,BBMP HIGH SCHOOL CHAMARAJAPET BENGALOORU-560018,12.95972,77.56327,Nagamma Nagar,JJR Nagar,Central,895,no
10,29200802255,BBMP HIGH SCHOOL CHAMARAJAPETE,BBMP HIGH SCHOOL CHAMARAJAPET BENGALOORU-560018,12.95972,77.56327,Farookhiya Nagar I & II,JJR Nagar,Central,1041,no
10,29200802255,BBMP HIGH SCHOOL CHAMARAJAPETE,BBMP HIGH SCHOOL CHAMARAJAPET BENGALOORU-560018,12.95972,77.56327,Bhakshi Garden I & II,KR Market,Central,1041,no
10,29200802255,BBMP HIGH SCHOOL CHAMARAJAPETE,BBMP HIGH SCHOOL CHAMARAJAPET BENGALOORU-560018,12.95972,77.56327,Saw Mill Lane,KR Market,Central,1051,no
10,29200802255,BBMP HIGH SCHOOL CHAMARAJAPETE,BBMP HIGH SCHOOL CHAMARAJAPET BENGALOORU-560018,12.95972,77.56327,New Tharagupet,KR Market,Central,1075,no
10,29200802255,BBMP HIGH SCHOOL CHAMARAJAPETE,BBMP HIGH SCHOOL CHAMARAJAPET BENGALOORU-560018,12.95972,77.56327,Jolly Mohalla,KR Market,Central,1101,no
10,29200802255,BBMP HIGH SCHOOL CHAMARAJAPETE,BBMP HIGH SCHOOL CHAMARAJAPET BENGALOORU-560018,12.95972,77.56327,Harikunte,Rayapuram,Central,1112,no
10,29200802255,BBMP HIGH SCHOOL CHAMARAJAPETE,BBMP HIGH SCHOOL CHAMARAJAPET BENGALOORU-560018,12.95972,77.56327,Boomatha Seva Sangha,JJR Nagar,Central,1155,no
10,29200802255,BBMP HIGH SCHOOL CHAMARAJAPETE,BBMP HIGH SCHOOL CHAMARAJAPET BENGALOORU-560018,12.95972,77.56327,Janata Colony,JJR Nagar,Central,1279,no
10,29200802255,BBMP HIGH SCHOOL CHAMARAJAPETE,BBMP HIGH SCHOOL CHAMARAJAPET BENGALOORU-560018,12.95972,77.56327,VS Garden,Rayapuram,Central,1368,no
10,29200802255,BBMP HIGH SCHOOL CHAMARAJAPETE,BBMP HIGH SCHOOL CHAMARAJAPET BENGALOORU-560018,12.95972,77.56327,Vinayaka Nagar,JJR Nagar,Central,1391,no
10,29200802255,BBMP HIGH SCHOOL CHAMARAJAPETE,BBMP HIGH SCHOOL CHAMARAJAPET BENGALOORU-560018,12.95972,77.56327,IPD Salappa Layout,Rayapuram,Central,1426,no
10,29200802255,BBMP HIGH SCHOOL CHAMARAJAPETE,BBMP HIGH SCHOOL CHAMARAJAPET BENGALOORU-560018,12.95972,77.56327,Keshava Nagar,JJR Nagar,Central,1436,no
10,29200802255,BBMP HIGH SCHOOL CHAMARAJAPETE,BBMP HIGH SCHOOL CHAMARAJAPET BENGALOORU-560018,12.95972,77.56327,Handigudisalu,Majestic,North,1481,no
10,29200802255,BBMP HIGH SCHOOL CHAMARAJAPETE,BBMP HIGH SCHOOL CHAMARAJAPET BENGALOORU-560018,12.95972,77.56327,Devarajurs Nagar,JJR Nagar,Central,1508,no
10,29200802255,BBMP HIGH SCHOOL CHAMARAJAPETE,BBMP HIGH SCHOOL CHAMARAJAPET BENGALOORU-560018,12.95972,77.56327,Vinny Colony,JJR Nagar,Central,1536,no
10,29200802255,BBMP HIGH SCHOOL CHAMARAJAPETE,BBMP HIGH SCHOOL CHAMARAJAPET BENGALOORU-560018,12.95972,77.56327,7th & 8th Mn Rd Padarayanapura,JJR Nagar,Central,1559,no
10,29200802255,BBMP HIGH SCHOOL CHAMARAJAPETE,BBMP HIGH SCHOOL CHAMARAJAPET BENGALOORU-560018,12.95972,77.56327,Ashwath Nagar,JJR Nagar,Central,1594,no
10,29200802255,BBMP HIGH SCHOOL CHAMARAJAPETE,BBMP HIGH SCHOOL CHAMARAJAPET BENGALOORU-560018,12.95972,77.56327,VST colony,Majestic,North,1692,no
10,29200802255,BBMP HIGH SCHOOL CHAMARAJAPETE,BBMP HIGH SCHOOL CHAMARAJAPET BENGALOORU-560018,12.95972,77.56327,Arfath Nagar I & II,JJR Nagar,Central,1741,no
10,29200802255,BBMP HIGH SCHOOL CHAMARAJAPETE,BBMP HIGH SCHOOL CHAMARAJAPET BENGALOORU-560018,12.95972,77.56327,Sanjay Nagar,JJR Nagar,Central,1786,no
10,29200802255,BBMP HIGH SCHOOL CHAMARAJAPETE,BBMP HIGH SCHOOL CHAMARAJAPET BENGALOORU-560018,12.95972,77.56327,Gada,JJR Nagar,Central,1878,no
10,29200802255,BBMP HIGH SCHOOL CHAMARAJAPETE,BBMP HIGH SCHOOL CHAMARAJAPET BENGALOORU-560018,12.95972,77.56327,Gopalpura,Majestic,North,1887,no
10,29200802255,BBMP HIGH SCHOOL CHAMARAJAPETE,BBMP HIGH SCHOOL CHAMARAJAPET BENGALOORU-560018,12.95972,77.56327,Minerva Mill,Majestic,North,1941,no
10,29200802255,BBMP HIGH SCHOOL CHAMARAJAPETE,BBMP HIGH SCHOOL CHAMARAJAPET BENGALOORU-560018,12.95972,77.56327,Narasimaiah Colony,JJR Nagar,Central,2124,no
10,29200802255,BBMP HIGH SCHOOL CHAMARAJAPETE,BBMP HIGH SCHOOL CHAMARAJAPET BENGALOORU-560018,12.95972,77.56327,Gurappa Garden,KR Market,Central,2234,no
10,29200802255,BBMP HIGH SCHOOL CHAMARAJAPETE,BBMP HIGH SCHOOL CHAMARAJAPET BENGALOORU-560018,12.95972,77.56327,Vinoba nagar,KR Market,Central,2326,no
10,29200802255,BBMP HIGH SCHOOL CHAMARAJAPETE,BBMP HIGH SCHOOL CHAMARAJAPET BENGALOORU-560018,12.95972,77.56327,Himalaya Huts,Majestic,North,2338,no
10,29200802255,BBMP HIGH SCHOOL CHAMARAJAPETE,BBMP HIGH SCHOOL CHAMARAJAPET BENGALOORU-560018,12.95972,77.56327,Ramanna Garden,KR Market,Central,2401,no
10,29200802255,BBMP HIGH SCHOOL CHAMARAJAPETE,BBMP HIGH SCHOOL CHAMARAJAPET BENGALOORU-560018,12.95972,77.56327,AK Colony,JJR Nagar,Central,2513,no
10,29200802255,BBMP HIGH SCHOOL CHAMARAJAPETE,BBMP HIGH SCHOOL CHAMARAJAPET BENGALOORU-560018,12.95972,77.56327,AK Badavane,JJR Nagar,Central,2599,no
10,29200802255,BBMP HIGH SCHOOL CHAMARAJAPETE,BBMP HIGH SCHOOL CHAMARAJAPET BENGALOORU-560018,12.95972,77.56327,Lakshmanapuri,Majestic,North,2645,no
10,29200802255,BBMP HIGH SCHOOL CHAMARAJAPETE,BBMP HIGH SCHOOL CHAMARAJAPET BENGALOORU-560018,12.95972,77.56327,Sarkari Oni,Yeshwantpur,West,2706,no
10,29200802255,BBMP HIGH SCHOOL CHAMARAJAPETE,BBMP HIGH SCHOOL CHAMARAJAPET BENGALOORU-560018,12.95972,77.56327,Okalipuram,Majestic,North,2715,no
10,29200802255,BBMP HIGH SCHOOL CHAMARAJAPETE,BBMP HIGH SCHOOL CHAMARAJAPET BENGALOORU-560018,12.95972,77.56327,Ambedkar Nagar-97,Majestic,North,2739,no
10,29200802255,BBMP HIGH SCHOOL CHAMARAJAPETE,BBMP HIGH SCHOOL CHAMARAJAPET BENGALOORU-560018,12.95972,77.56327,JCW Nagar,Majestic,North,2877,no
10,29200802255,BBMP HIGH SCHOOL CHAMARAJAPETE,BBMP HIGH SCHOOL CHAMARAJAPET BENGALOORU-560018,12.95972,77.56327,Venkateshwara slum,Nagarbhavi,Central,2910,no
10,29200802255,BBMP HIGH SCHOOL CHAMARAJAPETE,BBMP HIGH SCHOOL CHAMARAJAPET BENGALOORU-560018,12.95972,77.56327,Hanumanthappa Colony,Majestic,North,2969,no
10,29200802255,BBMP HIGH SCHOOL CHAMARAJAPETE,BBMP HIGH SCHOOL CHAMARAJAPET BENGALOORU-560018,12.95972,77.56327,Vivekananda Nagar,Majestic,North,2976,no
10,29200802255,BBMP HIGH SCHOOL CHAMARAJAPETE,BBMP HIGH SCHOOL CHAMARAJAPET BENGALOORU-560018,12.95972,77.56327,VV Giri colony,Majestic,North,2995,no
10,29200802255,BBMP HIGH SCHOOL CHAMARAJAPETE,BBMP HIGH SCHOOL CHAMARAJAPET BENGALOORU-560018,12.95972,77.56327,Rasaldhar Street,Majestic,North,3082,no
10,29200802255,BBMP HIGH SCHOOL CHAMARAJAPETE,BBMP HIGH SCHOOL CHAMARAJAPET BENGALOORU-560018,12.95972,77.56327,Hanumanthapura,Majestic,North,3185,no
10,29200802255,BBMP HIGH SCHOOL CHAMARAJAPETE,BBMP HIGH SCHOOL CHAMARAJAPET BENGALOORU-560018,12.95972,77.56327,Kasturi Nagar,Majestic,North,3203,no
10,29200802255,BBMP HIGH SCHOOL CHAMARAJAPETE,BBMP HIGH SCHOOL CHAMARAJAPET BENGALOORU-560018,12.95972,77.56327,Gawtham Nagar,Majestic,North,3282,no
10,29200802255,BBMP HIGH SCHOOL CHAMARAJAPETE,BBMP HIGH SCHOOL CHAMARAJAPET BENGALOORU-560018,12.95972,77.56327,Srirampura,Majestic,North,3326,no
10,29200802255,BBMP HIGH SCHOOL CHAMARAJAPETE,BBMP HIGH SCHOOL CHAMARAJAPET BENGALOORU-560018,12.95972,77.56327,RKS,Majestic,North,3377,no
10,29200802255,BBMP HIGH SCHOOL CHAMARAJAPETE,BBMP HIGH SCHOOL CHAMARAJAPET BENGALOORU-560018,12.95972,77.56327,Ganapathi Slum,Nagarbhavi,Central,3412,no
10,29200802255,BBMP HIGH SCHOOL CHAMARAJAPETE,BBMP HIGH SCHOOL CHAMARAJAPET BENGALOORU-560018,12.95972,77.56327,Thimmenahalli,Nagarbhavi,Central,3419,no
10,29200802255,BBMP HIGH SCHOOL CHAMARAJAPETE,BBMP HIGH SCHOOL CHAMARAJAPET BENGALOORU-560018,12.95972,77.56327,Swathanthra Nagar,Majestic,North,3423,no
10,29200802255,BBMP HIGH SCHOOL CHAMARAJAPETE,BBMP HIGH SCHOOL CHAMARAJAPET BENGALOORU-560018,12.95972,77.56327,Dayananda Nagar,Majestic,North,3476,no
10,29200802255,BBMP HIGH SCHOOL CHAMARAJAPETE,BBMP HIGH SCHOOL CHAMARAJAPET BENGALOORU-560018,12.95972,77.56327,Railway Station/Ambedkar Nagar,Majestic,North,3522,no
10,29200802255,BBMP HIGH SCHOOL CHAMARAJAPETE,BBMP HIGH SCHOOL CHAMARAJAPET BENGALOORU-560018,12.95972,77.56327,Chamundi Slum,Nagarbhavi,Central,3619,no
10,29200802255,BBMP HIGH SCHOOL CHAMARAJAPETE,BBMP HIGH SCHOOL CHAMARAJAPET BENGALOORU-560018,12.95972,77.56327,Corporation Colony,Nagarbhavi,Central,3719,no
10,29200802255,BBMP HIGH SCHOOL CHAMARAJAPETE,BBMP HIGH SCHOOL CHAMARAJAPET BENGALOORU-560018,12.95972,77.56327,Veerabhadra Nagar,Nagarbhavi,Central,3818,no
10,29200802255,BBMP HIGH SCHOOL CHAMARAJAPETE,BBMP HIGH SCHOOL CHAMARAJAPET BENGALOORU-560018,12.95972,77.56327,Valluvarpurm,Majestic,North,3859,no
10,29200802255,BBMP HIGH SCHOOL CHAMARAJAPETE,BBMP HIGH SCHOOL CHAMARAJAPET BENGALOORU-560018,12.95972,77.56327,Kanaka Nagar,Nagarbhavi,Central,3921,no
11,29200802626,MAHANAGAR PALIKE BYRAVESHWARANAGARA,"BYRAWESHAWARA NAGARA, NAGARABHAVI MAIN ROAD",12.96396,77.51921,Hoysala Nagar,Nagarbhavi,Central,407,yes
11,29200802626,MAHANAGAR PALIKE BYRAVESHWARANAGARA,"BYRAWESHAWARA NAGARA, NAGARABHAVI MAIN ROAD",12.96396,77.51921,Krishnappa Garden,Yeshwantpur,West,485,no
11,29200802626,MAHANAGAR PALIKE BYRAVESHWARANAGARA,"BYRAWESHAWARA NAGARA, NAGARABHAVI MAIN ROAD",12.96396,77.51921,Nanjarasappa Badavane,Nagarbhavi,Central,819,no
11,29200802626,MAHANAGAR PALIKE BYRAVESHWARANAGARA,"BYRAWESHAWARA NAGARA, NAGARABHAVI MAIN ROAD",12.96396,77.51921,Kurilingappa Garden,Nagarbhavi,Central,1068,no
11,29200802626,MAHANAGAR PALIKE BYRAVESHWARANAGARA,"BYRAWESHAWARA NAGARA, NAGARABHAVI MAIN ROAD",12.96396,77.51921,Kanaka Nagar,Nagarbhavi,Central,1178,no
11,29200802626,MAHANAGAR PALIKE BYRAVESHWARANAGARA,"BYRAWESHAWARA NAGARA, NAGARABHAVI MAIN ROAD",12.96396,77.51921,Devegowda slum,Nagarbhavi,Central,1306,no
11,29200802626,MAHANAGAR PALIKE BYRAVESHWARANAGARA,"BYRAWESHAWARA NAGARA, NAGARABHAVI MAIN ROAD",12.96396,77.51921,Patankot,Nagarbhavi,Central,1374,no
11,29200802626,MAHANAGAR PALIKE BYRAVESHWARANAGARA,"BYRAWESHAWARA NAGARA, NAGARABHAVI MAIN ROAD",12.96396,77.51921,Gangondanahalli,Nagarbhavi,Central,1569,no
11,29200802626,MAHANAGAR PALIKE BYRAVESHWARANAGARA,"BYRAWESHAWARA NAGARA, NAGARABHAVI MAIN ROAD",12.96396,77.51921,Sarkari Oni,Yeshwantpur,West,2317,no
11,29200802626,MAHANAGAR PALIKE BYRAVESHWARANAGARA,"BYRAWESHAWARA NAGARA, NAGARABHAVI MAIN ROAD",12.96396,77.51921,Corporation Colony,Nagarbhavi,Central,2324,no
11,29200802626,MAHANAGAR PALIKE BYRAVESHWARANAGARA,"BYRAWESHAWARA NAGARA, NAGARABHAVI MAIN ROAD",12.96396,77.51921,Thimmenahalli,Nagarbhavi,Central,2439,no
11,29200802626,MAHANAGAR PALIKE BYRAVESHWARANAGARA,"BYRAWESHAWARA NAGARA, NAGARABHAVI MAIN ROAD",12.96396,77.51921,Venkateshwara slum,Nagarbhavi,Central,2449,no
11,29200802626,MAHANAGAR PALIKE BYRAVESHWARANAGARA,"BYRAWESHAWARA NAGARA, NAGARABHAVI MAIN ROAD",12.96396,77.51921,Sumanahalli,Peenya North,North,2473,no
11,29200802626,MAHANAGAR PALIKE BYRAVESHWARANAGARA,"BYRAWESHAWARA NAGARA, NAGARABHAVI MAIN ROAD",12.96396,77.51921,Kottigepalya,Peenya North,North,2484,no
11,29200802626,MAHANAGAR PALIKE BYRAVESHWARANAGARA,"BYRAWESHAWARA NAGARA, NAGARABHAVI MAIN ROAD",12.96396,77.51921,Ambedkar Quarters,Nagarbhavi,Central,2614,no
11,29200802626,MAHANAGAR PALIKE BYRAVESHWARANAGARA,"BYRAWESHAWARA NAGARA, NAGARABHAVI MAIN ROAD",12.96396,77.51921,Ambedkar Nagar-105,Nagarbhavi,Central,2614,no
11,29200802626,MAHANAGAR PALIKE BYRAVESHWARANAGARA,"BYRAWESHAWARA NAGARA, NAGARABHAVI MAIN ROAD",12.96396,77.51921,AK Colony,JJR Nagar,Central,2784,no
11,29200802626,MAHANAGAR PALIKE BYRAVESHWARANAGARA,"BYRAWESHAWARA NAGARA, NAGARABHAVI MAIN ROAD",12.96396,77.51921,Ganapathi Slum,Nagarbhavi,Central,2870,no
11,29200802626,MAHANAGAR PALIKE BYRAVESHWARANAGARA,"BYRAWESHAWARA NAGARA, NAGARABHAVI MAIN ROAD",12.96396,77.51921,Gada,JJR Nagar,Central,2953,no
11,29200802626,MAHANAGAR PALIKE BYRAVESHWARANAGARA,"BYRAWESHAWARA NAGARA, NAGARABHAVI MAIN ROAD",12.96396,77.51921,Atmajyothi Nagar,Ullalu,West,2993,no
11,29200802626,MAHANAGAR PALIKE BYRAVESHWARANAGARA,"BYRAWESHAWARA NAGARA, NAGARABHAVI MAIN ROAD",12.96396,77.51921,AK Badavane,JJR Nagar,Central,3058,no
11,29200802626,MAHANAGAR PALIKE BYRAVESHWARANAGARA,"BYRAWESHAWARA NAGARA, NAGARABHAVI MAIN ROAD",12.96396,77.51921,Arfath Nagar I & II,JJR Nagar,Central,3085,no
11,29200802626,MAHANAGAR PALIKE BYRAVESHWARANAGARA,"BYRAWESHAWARA NAGARA, NAGARABHAVI MAIN ROAD",12.96396,77.51921,Narasimaiah Colony,JJR Nagar,Central,3182,no
11,29200802626,MAHANAGAR PALIKE BYRAVESHWARANAGARA,"BYRAWESHAWARA NAGARA, NAGARABHAVI MAIN ROAD",12.96396,77.51921,Devarajurs Nagar,JJR Nagar,Central,3291,no
11,29200802626,MAHANAGAR PALIKE BYRAVESHWARANAGARA,"BYRAWESHAWARA NAGARA, NAGARABHAVI MAIN ROAD",12.96396,77.51921,7th & 8th Mn Rd Padarayanapura,JJR Nagar,Central,3354,no
11,29200802626,MAHANAGAR PALIKE BYRAVESHWARANAGARA,"BYRAWESHAWARA NAGARA, NAGARABHAVI MAIN ROAD",12.96396,77.51921,D'souza Nagar,Nagarbhavi,Central,3412,no
11,29200802626,MAHANAGAR PALIKE BYRAVESHWARANAGARA,"BYRAWESHAWARA NAGARA, NAGARABHAVI MAIN ROAD",12.96396,77.51921,Vinayaka Nagar,JJR Nagar,Central,3416,no
11,29200802626,MAHANAGAR PALIKE BYRAVESHWARANAGARA,"BYRAWESHAWARA NAGARA, NAGARABHAVI MAIN ROAD",12.96396,77.51921,Sanjay Nagar,JJR Nagar,Central,3484,no
11,29200802626,MAHANAGAR PALIKE BYRAVESHWARANAGARA,"BYRAWESHAWARA NAGARA, NAGARABHAVI MAIN ROAD",12.96396,77.51921,Mutthurayana Nagar,Nagarbhavi,Central,3485,no
11,29200802626,MAHANAGAR PALIKE BYRAVESHWARANAGARA,"BYRAWESHAWARA NAGARA, NAGARABHAVI MAIN ROAD",12.96396,77.51921,Janata Colony,JJR Nagar,Central,3520,no
11,29200802626,MAHANAGAR PALIKE BYRAVESHWARANAGARA,"BYRAWESHAWARA NAGARA, NAGARABHAVI MAIN ROAD",12.96396,77.51921,Veerabhadra Nagar,Nagarbhavi,Central,3602,no
11,29200802626,MAHANAGAR PALIKE BYRAVESHWARANAGARA,"BYRAWESHAWARA NAGARA, NAGARABHAVI MAIN ROAD",12.96396,77.51921,Boomatha Seva Sangha,JJR Nagar,Central,3668,no
11,29200802626,MAHANAGAR PALIKE BYRAVESHWARANAGARA,"BYRAWESHAWARA NAGARA, NAGARABHAVI MAIN ROAD",12.96396,77.51921,VS Garden,Rayapuram,Central,3748,no
11,29200802626,MAHANAGAR PALIKE BYRAVESHWARANAGARA,"BYRAWESHAWARA NAGARA, NAGARABHAVI MAIN ROAD",12.96396,77.51921,Javaregoudana Doddi,Nagarbhavi,Central,3751,no
11,29200802626,MAHANAGAR PALIKE BYRAVESHWARANAGARA,"BYRAWESHAWARA NAGARA, NAGARABHAVI MAIN ROAD",12.96396,77.51921,Handigudisalu,Majestic,North,3757,no
11,29200802626,MAHANAGAR PALIKE BYRAVESHWARANAGARA,"BYRAWESHAWARA NAGARA, NAGARABHAVI MAIN ROAD",12.96396,77.51921,IPD Salappa Layout,Rayapuram,Central,3763,no
11,29200802626,MAHANAGAR PALIKE BYRAVESHWARANAGARA,"BYRAWESHAWARA NAGARA, NAGARABHAVI MAIN ROAD",12.96396,77.51921,Farookhiya Nagar I & II,JJR Nagar,Central,3772,no
11,29200802626,MAHANAGAR PALIKE BYRAVESHWARANAGARA,"BYRAWESHAWARA NAGARA, NAGARABHAVI MAIN ROAD",12.96396,77.51921,Chamundi Slum,Nagarbhavi,Central,3800,no
11,29200802626,MAHANAGAR PALIKE BYRAVESHWARANAGARA,"BYRAWESHAWARA NAGARA, NAGARABHAVI MAIN ROAD",12.96396,77.51921,Ambedkar Nagar,Ullalu,West,3819,no
11,29200802626,MAHANAGAR PALIKE BYRAVESHWARANAGARA,"BYRAWESHAWARA NAGARA, NAGARABHAVI MAIN ROAD",12.96396,77.51921,Harikunte,Rayapuram,Central,3972,no
12,29280500881,BBMP BOYS AND GIRLS HS GANDHINAGAR,BBMP BOYS AND GIRLS HIGH SCHOOL GANDHINAGAR BAGNALORE 56009,12.97789,77.579773,Himalaya Huts,Majestic,North,412,yes
12,29280500881,BBMP BOYS AND GIRLS HS GANDHINAGAR,BBMP BOYS AND GIRLS HIGH SCHOOL GANDHINAGAR BAGNALORE 56009,12.97789,77.579773,JCW Nagar,Majestic,North,935,no
12,29280500881,BBMP BOYS AND GIRLS HS GANDHINAGAR,BBMP BOYS AND GIRLS HIGH SCHOOL GANDHINAGAR BAGNALORE 56009,12.97789,77.579773,VV Giri colony,Majestic,North,953,no
12,29280500881,BBMP BOYS AND GIRLS HS GANDHINAGAR,BBMP BOYS AND GIRLS HIGH SCHOOL GANDHINAGAR BAGNALORE 56009,12.97789,77.579773,Lakshmanapuri,Majestic,North,962,no
12,29280500881,BBMP BOYS AND GIRLS HS GANDHINAGAR,BBMP BOYS AND GIRLS HIGH SCHOOL GANDHINAGAR BAGNALORE 56009,12.97789,77.579773,Rasaldhar Street,Majestic,North,1153,no
12,29280500881,BBMP BOYS AND GIRLS HS GANDHINAGAR,BBMP BOYS AND GIRLS HIGH SCHOOL GANDHINAGAR BAGNALORE 56009,12.97789,77.579773,Ambedkar Nagar-97,Majestic,North,1185,no
12,29280500881,BBMP BOYS AND GIRLS HS GANDHINAGAR,BBMP BOYS AND GIRLS HIGH SCHOOL GANDHINAGAR BAGNALORE 56009,12.97789,77.579773,Hanumanthappa Colony,Majestic,North,1214,no
12,29280500881,BBMP BOYS AND GIRLS HS GANDHINAGAR,BBMP BOYS AND GIRLS HIGH SCHOOL GANDHINAGAR BAGNALORE 56009,12.97789,77.579773,Vivekananda Nagar,Majestic,North,1455,no
12,29280500881,BBMP BOYS AND GIRLS HS GANDHINAGAR,BBMP BOYS AND GIRLS HIGH SCHOOL GANDHINAGAR BAGNALORE 56009,12.97789,77.579773,Okalipuram,Majestic,North,1474,no
12,29280500881,BBMP BOYS AND GIRLS HS GANDHINAGAR,BBMP BOYS AND GIRLS HIGH SCHOOL GANDHINAGAR BAGNALORE 56009,12.97789,77.579773,VST colony,Majestic,North,1499,no
12,29280500881,BBMP BOYS AND GIRLS HS GANDHINAGAR,BBMP BOYS AND GIRLS HIGH SCHOOL GANDHINAGAR BAGNALORE 56009,12.97789,77.579773,Hanumanthapura,Majestic,North,1600,no
12,29280500881,BBMP BOYS AND GIRLS HS GANDHINAGAR,BBMP BOYS AND GIRLS HIGH SCHOOL GANDHINAGAR BAGNALORE 56009,12.97789,77.579773,Jolly Mohalla,KR Market,Central,1645,no
12,29280500881,BBMP BOYS AND GIRLS HS GANDHINAGAR,BBMP BOYS AND GIRLS HIGH SCHOOL GANDHINAGAR BAGNALORE 56009,12.97789,77.579773,Saw Mill Lane,KR Market,Central,1648,no
12,29280500881,BBMP BOYS AND GIRLS HS GANDHINAGAR,BBMP BOYS AND GIRLS HIGH SCHOOL GANDHINAGAR BAGNALORE 56009,12.97789,77.579773,Bhakshi Garden I & II,KR Market,Central,1658,no
12,29280500881,BBMP BOYS AND GIRLS HS GANDHINAGAR,BBMP BOYS AND GIRLS HIGH SCHOOL GANDHINAGAR BAGNALORE 56009,12.97789,77.579773,Minerva Mill,Majestic,North,1694,no
12,29280500881,BBMP BOYS AND GIRLS HS GANDHINAGAR,BBMP BOYS AND GIRLS HIGH SCHOOL GANDHINAGAR BAGNALORE 56009,12.97789,77.579773,Srirampura,Majestic,North,1764,no
12,29280500881,BBMP BOYS AND GIRLS HS GANDHINAGAR,BBMP BOYS AND GIRLS HIGH SCHOOL GANDHINAGAR BAGNALORE 56009,12.97789,77.579773,Swathanthra Nagar,Majestic,North,1778,no
12,29280500881,BBMP BOYS AND GIRLS HS GANDHINAGAR,BBMP BOYS AND GIRLS HIGH SCHOOL GANDHINAGAR BAGNALORE 56009,12.97789,77.579773,Kasturi Nagar,Majestic,North,1813,no
12,29280500881,BBMP BOYS AND GIRLS HS GANDHINAGAR,BBMP BOYS AND GIRLS HIGH SCHOOL GANDHINAGAR BAGNALORE 56009,12.97789,77.579773,Velmurugapuram,KR Market,Central,1845,no
12,29280500881,BBMP BOYS AND GIRLS HS GANDHINAGAR,BBMP BOYS AND GIRLS HIGH SCHOOL GANDHINAGAR BAGNALORE 56009,12.97789,77.579773,Gawtham Nagar,Majestic,North,1850,no
12,29280500881,BBMP BOYS AND GIRLS HS GANDHINAGAR,BBMP BOYS AND GIRLS HIGH SCHOOL GANDHINAGAR BAGNALORE 56009,12.97789,77.579773,Cheluvadipalya,KR Market,Central,1863,no
12,29280500881,BBMP BOYS AND GIRLS HS GANDHINAGAR,BBMP BOYS AND GIRLS HIGH SCHOOL GANDHINAGAR BAGNALORE 56009,12.97789,77.579773,Ashwath Nagar,JJR Nagar,Central,1882,no
12,29280500881,BBMP BOYS AND GIRLS HS GANDHINAGAR,BBMP BOYS AND GIRLS HIGH SCHOOL GANDHINAGAR BAGNALORE 56009,12.97789,77.579773,Vinny Colony,JJR Nagar,Central,1893,no
12,29280500881,BBMP BOYS AND GIRLS HS GANDHINAGAR,BBMP BOYS AND GIRLS HIGH SCHOOL GANDHINAGAR BAGNALORE 56009,12.97789,77.579773,RKS,Majestic,North,1899,no
12,29280500881,BBMP BOYS AND GIRLS HS GANDHINAGAR,BBMP BOYS AND GIRLS HIGH SCHOOL GANDHINAGAR BAGNALORE 56009,12.97789,77.579773,Sidhartha Nagar,KR Market,Central,1923,no
12,29280500881,BBMP BOYS AND GIRLS HS GANDHINAGAR,BBMP BOYS AND GIRLS HIGH SCHOOL GANDHINAGAR BAGNALORE 56009,12.97789,77.579773,Keshava Nagar,JJR Nagar,Central,1946,no
12,29280500881,BBMP BOYS AND GIRLS HS GANDHINAGAR,BBMP BOYS AND GIRLS HIGH SCHOOL GANDHINAGAR BAGNALORE 56009,12.97789,77.579773,New Tharagupet,KR Market,Central,1949,no
12,29280500881,BBMP BOYS AND GIRLS HS GANDHINAGAR,BBMP BOYS AND GIRLS HIGH SCHOOL GANDHINAGAR BAGNALORE 56009,12.97789,77.579773,Gopalpura,Majestic,North,1998,no
12,29280500881,BBMP BOYS AND GIRLS HS GANDHINAGAR,BBMP BOYS AND GIRLS HIGH SCHOOL GANDHINAGAR BAGNALORE 56009,12.97789,77.579773,Bhangi Colony,KR Market,Central,1999,no
12,29280500881,BBMP BOYS AND GIRLS HS GANDHINAGAR,BBMP BOYS AND GIRLS HIGH SCHOOL GANDHINAGAR BAGNALORE 56009,12.97789,77.579773,Railway Station/Ambedkar Nagar,Majestic,North,2008,no
12,29280500881,BBMP BOYS AND GIRLS HS GANDHINAGAR,BBMP BOYS AND GIRLS HIGH SCHOOL GANDHINAGAR BAGNALORE 56009,12.97789,77.579773,Old Pension Mohalla,KR Market,Central,2044,no
12,29280500881,BBMP BOYS AND GIRLS HS GANDHINAGAR,BBMP BOYS AND GIRLS HIGH SCHOOL GANDHINAGAR BAGNALORE 56009,12.97789,77.579773,Ramanna Garden,KR Market,Central,2089,no
12,29280500881,BBMP BOYS AND GIRLS HS GANDHINAGAR,BBMP BOYS AND GIRLS HIGH SCHOOL GANDHINAGAR BAGNALORE 56009,12.97789,77.579773,Valluvarpurm,Majestic,North,2140,no
12,29280500881,BBMP BOYS AND GIRLS HS GANDHINAGAR,BBMP BOYS AND GIRLS HIGH SCHOOL GANDHINAGAR BAGNALORE 56009,12.97789,77.579773,Nagamma Nagar,JJR Nagar,Central,2147,no
12,29280500881,BBMP BOYS AND GIRLS HS GANDHINAGAR,BBMP BOYS AND GIRLS HIGH SCHOOL GANDHINAGAR BAGNALORE 56009,12.97789,77.579773,Giripuram,KR Market,Central,2155,no
12,29280500881,BBMP BOYS AND GIRLS HS GANDHINAGAR,BBMP BOYS AND GIRLS HIGH SCHOOL GANDHINAGAR BAGNALORE 56009,12.97789,77.579773,Anandapuram I & II,KR Market,Central,2189,no
12,29280500881,BBMP BOYS AND GIRLS HS GANDHINAGAR,BBMP BOYS AND GIRLS HIGH SCHOOL GANDHINAGAR BAGNALORE 56009,12.97789,77.579773,Vivekananda block,Majestic,North,2191,no
12,29280500881,BBMP BOYS AND GIRLS HS GANDHINAGAR,BBMP BOYS AND GIRLS HIGH SCHOOL GANDHINAGAR BAGNALORE 56009,12.97789,77.579773,Anjanappa Garden I & II,KR Market,Central,2233,no
12,29280500881,BBMP BOYS AND GIRLS HS GANDHINAGAR,BBMP BOYS AND GIRLS HIGH SCHOOL GANDHINAGAR BAGNALORE 56009,12.97789,77.579773,Anjaneya block,Majestic,North,2233,no
12,29280500881,BBMP BOYS AND GIRLS HS GANDHINAGAR,BBMP BOYS AND GIRLS HIGH SCHOOL GANDHINAGAR BAGNALORE 56009,12.97789,77.579773,Adimoola Compound,KR Market,Central,2255,no
12,29280500881,BBMP BOYS AND GIRLS HS GANDHINAGAR,BBMP BOYS AND GIRLS HIGH SCHOOL GANDHINAGAR BAGNALORE 56009,12.97789,77.579773,Anjaneya Temple,KR Market,Central,2300,no
12,29280500881,BBMP BOYS AND GIRLS HS GANDHINAGAR,BBMP BOYS AND GIRLS HIGH SCHOOL GANDHINAGAR BAGNALORE 56009,12.97789,77.579773,Dayananda Nagar,Majestic,North,2303,no
12,29280500881,BBMP BOYS AND GIRLS HS GANDHINAGAR,BBMP BOYS AND GIRLS HIGH SCHOOL GANDHINAGAR BAGNALORE 56009,12.97789,77.579773,Tippu Nagar,KR Market,Central,2327,no
12,29280500881,BBMP BOYS AND GIRLS HS GANDHINAGAR,BBMP BOYS AND GIRLS HIGH SCHOOL GANDHINAGAR BAGNALORE 56009,12.97789,77.579773,Gurappa Garden,KR Market,Central,2376,no
12,29280500881,BBMP BOYS AND GIRLS HS GANDHINAGAR,BBMP BOYS AND GIRLS HIGH SCHOOL GANDHINAGAR BAGNALORE 56009,12.97789,77.579773,Vinoba nagar,KR Market,Central,2390,no
12,29280500881,BBMP BOYS AND GIRLS HS GANDHINAGAR,BBMP BOYS AND GIRLS HIGH SCHOOL GANDHINAGAR BAGNALORE 56009,12.97789,77.579773,JJR Nagar North,Rayapuram,Central,2787,no
12,29280500881,BBMP BOYS AND GIRLS HS GANDHINAGAR,BBMP BOYS AND GIRLS HIGH SCHOOL GANDHINAGAR BAGNALORE 56009,12.97789,77.579773,Harikunte,Rayapuram,Central,2890,no
12,29280500881,BBMP BOYS AND GIRLS HS GANDHINAGAR,BBMP BOYS AND GIRLS HIGH SCHOOL GANDHINAGAR BAGNALORE 56009,12.97789,77.579773,JJR Nagar South,Rayapuram,Central,2931,no
12,29280500881,BBMP BOYS AND GIRLS HS GANDHINAGAR,BBMP BOYS AND GIRLS HIGH SCHOOL GANDHINAGAR BAGNALORE 56009,12.97789,77.579773,Handigudisalu,Majestic,North,3013,no
12,29280500881,BBMP BOYS AND GIRLS HS GANDHINAGAR,BBMP BOYS AND GIRLS HIGH SCHOOL GANDHINAGAR BAGNALORE 56009,12.97789,77.579773,IPD Salappa Layout,Rayapuram,Central,3021,no
12,29280500881,BBMP BOYS AND GIRLS HS GANDHINAGAR,BBMP BOYS AND GIRLS HIGH SCHOOL GANDHINAGAR BAGNALORE 56009,12.97789,77.579773,VS Garden,Rayapuram,Central,3058,no
12,29280500881,BBMP BOYS AND GIRLS HS GANDHINAGAR,BBMP BOYS AND GIRLS HIGH SCHOOL GANDHINAGAR BAGNALORE 56009,12.97789,77.579773,Farookhiya Nagar I & II,JJR Nagar,Central,3305,no
12,29280500881,BBMP BOYS AND GIRLS HS GANDHINAGAR,BBMP BOYS AND GIRLS HIGH SCHOOL GANDHINAGAR BAGNALORE 56009,12.97789,77.579773,7th & 8th Mn Rd Padarayanapura,JJR Nagar,Central,3499,no
12,29280500881,BBMP BOYS AND GIRLS HS GANDHINAGAR,BBMP BOYS AND GIRLS HIGH SCHOOL GANDHINAGAR BAGNALORE 56009,12.97789,77.579773,Boomatha Seva Sangha,JJR Nagar,Central,3623,no
12,29280500881,BBMP BOYS AND GIRLS HS GANDHINAGAR,BBMP BOYS AND GIRLS HIGH SCHOOL GANDHINAGAR BAGNALORE 56009,12.97789,77.579773,Janata Colony,JJR Nagar,Central,3629,no
12,29280500881,BBMP BOYS AND GIRLS HS GANDHINAGAR,BBMP BOYS AND GIRLS HIGH SCHOOL GANDHINAGAR BAGNALORE 56009,12.97789,77.579773,Vinayaka Nagar,JJR Nagar,Central,3765,no
12,29280500881,BBMP BOYS AND GIRLS HS GANDHINAGAR,BBMP BOYS AND GIRLS HIGH SCHOOL GANDHINAGAR BAGNALORE 56009,12.97789,77.579773,Devarajurs Nagar,JJR Nagar,Central,3804,no
12,29280500881,BBMP BOYS AND GIRLS HS GANDHINAGAR,BBMP BOYS AND GIRLS HIGH SCHOOL GANDHINAGAR BAGNALORE 56009,12.97789,77.579773,Arfath Nagar I & II,JJR Nagar,Central,3830,no
12,29280500881,BBMP BOYS AND GIRLS HS GANDHINAGAR,BBMP BOYS AND GIRLS HIGH SCHOOL GANDHINAGAR BAGNALORE 56009,12.97789,77.579773,Gada,JJR Nagar,Central,3934,no
13,29200800343,BBMP COMPOSITE PU COLLEGE KASTURBA NAGARA,Bbmp high school kasturbanagara bengalururu 26,12.95567,77.54968,Sanjay Nagar,JJR Nagar,Central,429,yes
13,29200800343,BBMP COMPOSITE PU COLLEGE KASTURBA NAGARA,Bbmp high school kasturbanagara bengalururu 26,12.95567,77.54968,Vinayaka Nagar,JJR Nagar,Central,462,no
13,29200800343,BBMP COMPOSITE PU COLLEGE KASTURBA NAGARA,Bbmp high school kasturbanagara bengalururu 26,12.95567,77.54968,Boomatha Seva Sangha,JJR Nagar,Central,478,no
13,29200800343,BBMP COMPOSITE PU COLLEGE KASTURBA NAGARA,Bbmp high school kasturbanagara bengalururu 26,12.95567,77.54968,Janata Colony,JJR Nagar,Central,564,no
13,29200800343,BBMP COMPOSITE PU COLLEGE KASTURBA NAGARA,Bbmp high school kasturbanagara bengalururu 26,12.95567,77.54968,Devarajurs Nagar,JJR Nagar,Central,564,no
13,29200800343,BBMP COMPOSITE PU COLLEGE KASTURBA NAGARA,Bbmp high school kasturbanagara bengalururu 26,12.95567,77.54968,Narasimaiah Colony,JJR Nagar,Central,645,no
13,29200800343,BBMP COMPOSITE PU COLLEGE KASTURBA NAGARA,Bbmp high school kasturbanagara bengalururu 26,12.95567,77.54968,Farookhiya Nagar I & II,JJR Nagar,Central,848,no
13,29200800343,BBMP COMPOSITE PU COLLEGE KASTURBA NAGARA,Bbmp high school kasturbanagara bengalururu 26,12.95567,77.54968,Arfath Nagar I & II,JJR Nagar,Central,896,no
13,29200800343,BBMP COMPOSITE PU COLLEGE KASTURBA NAGARA,Bbmp high school kasturbanagara bengalururu 26,12.95567,77.54968,Gada,JJR Nagar,Central,973,no
13,29200800343,BBMP COMPOSITE PU COLLEGE KASTURBA NAGARA,Bbmp high school kasturbanagara bengalururu 26,12.95567,77.54968,AK Colony,JJR Nagar,Central,982,no
13,29200800343,BBMP COMPOSITE PU COLLEGE KASTURBA NAGARA,Bbmp high school kasturbanagara bengalururu 26,12.95567,77.54968,7th & 8th Mn Rd Padarayanapura,JJR Nagar,Central,1085,no
13,29200800343,BBMP COMPOSITE PU COLLEGE KASTURBA NAGARA,Bbmp high school kasturbanagara bengalururu 26,12.95567,77.54968,AK Badavane,JJR Nagar,Central,1143,no
13,29200800343,BBMP COMPOSITE PU COLLEGE KASTURBA NAGARA,Bbmp high school kasturbanagara bengalururu 26,12.95567,77.54968,JJR Nagar South,Rayapuram,Central,1179,no
13,29200800343,BBMP COMPOSITE PU COLLEGE KASTURBA NAGARA,Bbmp high school kasturbanagara bengalururu 26,12.95567,77.54968,JJR Nagar North,Rayapuram,Central,1361,no
13,29200800343,BBMP COMPOSITE PU COLLEGE KASTURBA NAGARA,Bbmp high school kasturbanagara bengalururu 26,12.95567,77.54968,Venkateshwara slum,Nagarbhavi,Central,1371,no
13,29200800343,BBMP COMPOSITE PU COLLEGE KASTURBA NAGARA,Bbmp high school kasturbanagara bengalururu 26,12.95567,77.54968,Harikunte,Rayapuram,Central,1378,no
13,29200800343,BBMP COMPOSITE PU COLLEGE KASTURBA NAGARA,Bbmp high school kasturbanagara bengalururu 26,12.95567,77.54968,VS Garden,Rayapuram,Central,1394,no
13,29200800343,BBMP COMPOSITE PU COLLEGE KASTURBA NAGARA,Bbmp high school kasturbanagara bengalururu 26,12.95567,77.54968,IPD Salappa Layout,Rayapuram,Central,1483,no
13,29200800343,BBMP COMPOSITE PU COLLEGE KASTURBA NAGARA,Bbmp high school kasturbanagara bengalururu 26,12.95567,77.54968,Handigudisalu,Majestic,North,1542,no
13,29200800343,BBMP COMPOSITE PU COLLEGE KASTURBA NAGARA,Bbmp high school kasturbanagara bengalururu 26,12.95567,77.54968,Sarkari Oni,Yeshwantpur,West,1781,no
13,29200800343,BBMP COMPOSITE PU COLLEGE KASTURBA NAGARA,Bbmp high school kasturbanagara bengalururu 26,12.95567,77.54968,Anjanappa Garden I & II,KR Market,Central,1862,no
13,29200800343,BBMP COMPOSITE PU COLLEGE KASTURBA NAGARA,Bbmp high school kasturbanagara bengalururu 26,12.95567,77.54968,Anjaneya Temple,KR Market,Central,1900,no
13,29200800343,BBMP COMPOSITE PU COLLEGE KASTURBA NAGARA,Bbmp high school kasturbanagara bengalururu 26,12.95567,77.54968,Tippu Nagar,KR Market,Central,1905,no
13,29200800343,BBMP COMPOSITE PU COLLEGE KASTURBA NAGARA,Bbmp high school kasturbanagara bengalururu 26,12.95567,77.54968,Ganapathi Slum,Nagarbhavi,Central,1948,no
13,29200800343,BBMP COMPOSITE PU COLLEGE KASTURBA NAGARA,Bbmp high school kasturbanagara bengalururu 26,12.95567,77.54968,Adimoola Compound,KR Market,Central,1962,no
13,29200800343,BBMP COMPOSITE PU COLLEGE KASTURBA NAGARA,Bbmp high school kasturbanagara bengalururu 26,12.95567,77.54968,Nagamma Nagar,JJR Nagar,Central,1965,no
13,29200800343,BBMP COMPOSITE PU COLLEGE KASTURBA NAGARA,Bbmp high school kasturbanagara bengalururu 26,12.95567,77.54968,Giripuram,KR Market,Central,2002,no
13,29200800343,BBMP COMPOSITE PU COLLEGE KASTURBA NAGARA,Bbmp high school kasturbanagara bengalururu 26,12.95567,77.54968,Anandapuram I & II,KR Market,Central,2033,no
13,29200800343,BBMP COMPOSITE PU COLLEGE KASTURBA NAGARA,Bbmp high school kasturbanagara bengalururu 26,12.95567,77.54968,Old Pension Mohalla,KR Market,Central,2094,no
13,29200800343,BBMP COMPOSITE PU COLLEGE KASTURBA NAGARA,Bbmp high school kasturbanagara bengalururu 26,12.95567,77.54968,Bhangi Colony,KR Market,Central,2097,no
13,29200800343,BBMP COMPOSITE PU COLLEGE KASTURBA NAGARA,Bbmp high school kasturbanagara bengalururu 26,12.95567,77.54968,Sidhartha Nagar,KR Market,Central,2185,no
13,29200800343,BBMP COMPOSITE PU COLLEGE KASTURBA NAGARA,Bbmp high school kasturbanagara bengalururu 26,12.95567,77.54968,Cheluvadipalya,KR Market,Central,2268,no
13,29200800343,BBMP COMPOSITE PU COLLEGE KASTURBA NAGARA,Bbmp high school kasturbanagara bengalururu 26,12.95567,77.54968,Velmurugapuram,KR Market,Central,2308,no
13,29200800343,BBMP COMPOSITE PU COLLEGE KASTURBA NAGARA,Bbmp high school kasturbanagara bengalururu 26,12.95567,77.54968,Keshava Nagar,JJR Nagar,Central,2351,no
13,29200800343,BBMP COMPOSITE PU COLLEGE KASTURBA NAGARA,Bbmp high school kasturbanagara bengalururu 26,12.95567,77.54968,Chamundi Slum,Nagarbhavi,Central,2386,no
13,29200800343,BBMP COMPOSITE PU COLLEGE KASTURBA NAGARA,Bbmp high school kasturbanagara bengalururu 26,12.95567,77.54968,Vinny Colony,JJR Nagar,Central,2448,no
13,29200800343,BBMP COMPOSITE PU COLLEGE KASTURBA NAGARA,Bbmp high school kasturbanagara bengalururu 26,12.95567,77.54968,Bhakshi Garden I & II,KR Market,Central,2475,no
13,29200800343,BBMP COMPOSITE PU COLLEGE KASTURBA NAGARA,Bbmp high school kasturbanagara bengalururu 26,12.95567,77.54968,Saw Mill Lane,KR Market,Central,2490,no
13,29200800343,BBMP COMPOSITE PU COLLEGE KASTURBA NAGARA,Bbmp high school kasturbanagara bengalururu 26,12.95567,77.54968,Ashwath Nagar,JJR Nagar,Central,2493,no
13,29200800343,BBMP COMPOSITE PU COLLEGE KASTURBA NAGARA,Bbmp high school kasturbanagara bengalururu 26,12.95567,77.54968,Veerabhadra Nagar,Nagarbhavi,Central,2511,no
13,29200800343,BBMP COMPOSITE PU COLLEGE KASTURBA NAGARA,Bbmp high school kasturbanagara bengalururu 26,12.95567,77.54968,Jolly Mohalla,KR Market,Central,2607,no
13,29200800343,BBMP COMPOSITE PU COLLEGE KASTURBA NAGARA,Bbmp high school kasturbanagara bengalururu 26,12.95567,77.54968,New Tharagupet,KR Market,Central,2612,no
13,29200800343,BBMP COMPOSITE PU COLLEGE KASTURBA NAGARA,Bbmp high school kasturbanagara bengalururu 26,12.95567,77.54968,Gopalpura,Majestic,North,2650,no
13,29200800343,BBMP COMPOSITE PU COLLEGE KASTURBA NAGARA,Bbmp high school kasturbanagara bengalururu 26,12.95567,77.54968,Nanjarasappa Badavane,Nagarbhavi,Central,2688,no
13,29200800343,BBMP COMPOSITE PU COLLEGE KASTURBA NAGARA,Bbmp high school kasturbanagara bengalururu 26,12.95567,77.54968,Thimmenahalli,Nagarbhavi,Central,2737,no
13,29200800343,BBMP COMPOSITE PU COLLEGE KASTURBA NAGARA,Bbmp high school kasturbanagara bengalururu 26,12.95567,77.54968,Gangondanahalli,Nagarbhavi,Central,2750,no
13,29200800343,BBMP COMPOSITE PU COLLEGE KASTURBA NAGARA,Bbmp high school kasturbanagara bengalururu 26,12.95567,77.54968,Kanaka Nagar,Nagarbhavi,Central,2761,no
13,29200800343,BBMP COMPOSITE PU COLLEGE KASTURBA NAGARA,Bbmp high school kasturbanagara bengalururu 26,12.95567,77.54968,Patankot,Nagarbhavi,Central,2768,no
13,29200800343,BBMP COMPOSITE PU COLLEGE KASTURBA NAGARA,Bbmp high school kasturbanagara bengalururu 26,12.95567,77.54968,VST colony,Majestic,North,2777,no
13,29200800343,BBMP COMPOSITE PU COLLEGE KASTURBA NAGARA,Bbmp high school kasturbanagara bengalururu 26,12.95567,77.54968,Devegowda slum,Nagarbhavi,Central,2839,no
13,29200800343,BBMP COMPOSITE PU COLLEGE KASTURBA NAGARA,Bbmp high school kasturbanagara bengalururu 26,12.95567,77.54968,Minerva Mill,Majestic,North,2858,no
13,29200800343,BBMP COMPOSITE PU COLLEGE KASTURBA NAGARA,Bbmp high school kasturbanagara bengalururu 26,12.95567,77.54968,D'souza Nagar,Nagarbhavi,Central,2879,no
13,29200800343,BBMP COMPOSITE PU COLLEGE KASTURBA NAGARA,Bbmp high school kasturbanagara bengalururu 26,12.95567,77.54968,Corporation Colony,Nagarbhavi,Central,2995,no
13,29200800343,BBMP COMPOSITE PU COLLEGE KASTURBA NAGARA,Bbmp high school kasturbanagara bengalururu 26,12.95567,77.54968,Kurilingappa Garden,Nagarbhavi,Central,3098,no
13,29200800343,BBMP COMPOSITE PU COLLEGE KASTURBA NAGARA,Bbmp high school kasturbanagara bengalururu 26,12.95567,77.54968,Ambedkar Quarters,Nagarbhavi,Central,3251,no
13,29200800343,BBMP COMPOSITE PU COLLEGE KASTURBA NAGARA,Bbmp high school kasturbanagara bengalururu 26,12.95567,77.54968,Ambedkar Nagar-105,Nagarbhavi,Central,3251,no
13,29200800343,BBMP COMPOSITE PU COLLEGE KASTURBA NAGARA,Bbmp high school kasturbanagara bengalururu 26,12.95567,77.54968,Hosakerehalli,Nagarbhavi,Central,3392,no
13,29200800343,BBMP COMPOSITE PU COLLEGE KASTURBA NAGARA,Bbmp high school kasturbanagara bengalururu 26,12.95567,77.54968,Atmajyothi Nagar,Ullalu,West,3452,no
13,29200800343,BBMP COMPOSITE PU COLLEGE KASTURBA NAGARA,Bbmp high school kasturbanagara bengalururu 26,12.95567,77.54968,Hoysala Nagar,Nagarbhavi,Central,3612,no
13,29200800343,BBMP COMPOSITE PU COLLEGE KASTURBA NAGARA,Bbmp high school kasturbanagara bengalururu 26,12.95567,77.54968,Okalipuram,Majestic,North,3678,no
13,29200800343,BBMP COMPOSITE PU COLLEGE KASTURBA NAGARA,Bbmp high school kasturbanagara bengalururu 26,12.95567,77.54968,Gurappa Garden,KR Market,Central,3686,no
13,29200800343,BBMP COMPOSITE PU COLLEGE KASTURBA NAGARA,Bbmp high school kasturbanagara bengalururu 26,12.95567,77.54968,Himalaya Huts,Majestic,North,3696,no
13,29200800343,BBMP COMPOSITE PU COLLEGE KASTURBA NAGARA,Bbmp high school kasturbanagara bengalururu 26,12.95567,77.54968,Krishnappa Garden,Yeshwantpur,West,3757,no
13,29200800343,BBMP COMPOSITE PU COLLEGE KASTURBA NAGARA,Bbmp high school kasturbanagara bengalururu 26,12.95567,77.54968,Vinoba nagar,KR Market,Central,3780,no
13,29200800343,BBMP COMPOSITE PU COLLEGE KASTURBA NAGARA,Bbmp high school kasturbanagara bengalururu 26,12.95567,77.54968,Lakshmanapuri,Majestic,North,3790,no
13,29200800343,BBMP COMPOSITE PU COLLEGE KASTURBA NAGARA,Bbmp high school kasturbanagara bengalururu 26,12.95567,77.54968,Ambedkar Nagar-97,Majestic,North,3810,no
13,29200800343,BBMP COMPOSITE PU COLLEGE KASTURBA NAGARA,Bbmp high school kasturbanagara bengalururu 26,12.95567,77.54968,Javaregoudana Doddi,Nagarbhavi,Central,3856,no
13,29200800343,BBMP COMPOSITE PU COLLEGE KASTURBA NAGARA,Bbmp high school kasturbanagara bengalururu 26,12.95567,77.54968,Ramanna Garden,KR Market,Central,3902,no
13,29200800343,BBMP COMPOSITE PU COLLEGE KASTURBA NAGARA,Bbmp high school kasturbanagara bengalururu 26,12.95567,77.54968,Vivekananda Nagar,Majestic,North,3964,no
14,29200804008,BBMP HEIGHER PRIMARY SCHOOL MARUTHI MANDIR,MARUTHI MANDIRA W NO126,12.967729,77.536173,Sarkari Oni,Yeshwantpur,West,431,yes
14,29200804008,BBMP HEIGHER PRIMARY SCHOOL MARUTHI MANDIR,MARUTHI MANDIRA W NO126,12.967729,77.536173,Kanaka Nagar,Nagarbhavi,Central,854,no
14,29200804008,BBMP HEIGHER PRIMARY SCHOOL MARUTHI MANDIR,MARUTHI MANDIRA W NO126,12.967729,77.536173,Thimmenahalli,Nagarbhavi,Central,1047,no
14,29200804008,BBMP HEIGHER PRIMARY SCHOOL MARUTHI MANDIR,MARUTHI MANDIRA W NO126,12.967729,77.536173,Nanjarasappa Badavane,Nagarbhavi,Central,1074,no
14,29200804008,BBMP HEIGHER PRIMARY SCHOOL MARUTHI MANDIR,MARUTHI MANDIRA W NO126,12.967729,77.536173,Kurilingappa Garden,Nagarbhavi,Central,1179,no
14,29200804008,BBMP HEIGHER PRIMARY SCHOOL MARUTHI MANDIR,MARUTHI MANDIRA W NO126,12.967729,77.536173,Corporation Colony,Nagarbhavi,Central,1190,no
14,29200804008,BBMP HEIGHER PRIMARY SCHOOL MARUTHI MANDIR,MARUTHI MANDIRA W NO126,12.967729,77.536173,Gada,JJR Nagar,Central,1196,no
14,29200804008,BBMP HEIGHER PRIMARY SCHOOL MARUTHI MANDIR,MARUTHI MANDIRA W NO126,12.967729,77.536173,Arfath Nagar I & II,JJR Nagar,Central,1332,no
14,29200804008,BBMP HEIGHER PRIMARY SCHOOL MARUTHI MANDIR,MARUTHI MANDIRA W NO126,12.967729,77.536173,7th & 8th Mn Rd Padarayanapura,JJR Nagar,Central,1534,no
14,29200804008,BBMP HEIGHER PRIMARY SCHOOL MARUTHI MANDIR,MARUTHI MANDIRA W NO126,12.967729,77.536173,Devarajurs Nagar,JJR Nagar,Central,1630,no
14,29200804008,BBMP HEIGHER PRIMARY SCHOOL MARUTHI MANDIR,MARUTHI MANDIRA W NO126,12.967729,77.536173,Vinayaka Nagar,JJR Nagar,Central,1782,no
14,29200804008,BBMP HEIGHER PRIMARY SCHOOL MARUTHI MANDIR,MARUTHI MANDIRA W NO126,12.967729,77.536173,Venkateshwara slum,Nagarbhavi,Central,1820,no
14,29200804008,BBMP HEIGHER PRIMARY SCHOOL MARUTHI MANDIR,MARUTHI MANDIRA W NO126,12.967729,77.536173,Janata Colony,JJR Nagar,Central,1848,no
14,29200804008,BBMP HEIGHER PRIMARY SCHOOL MARUTHI MANDIR,MARUTHI MANDIRA W NO126,12.967729,77.536173,AK Colony,JJR Nagar,Central,1879,no
14,29200804008,BBMP HEIGHER PRIMARY SCHOOL MARUTHI MANDIR,MARUTHI MANDIRA W NO126,12.967729,77.536173,Handigudisalu,Majestic,North,1882,no
14,29200804008,BBMP HEIGHER PRIMARY SCHOOL MARUTHI MANDIR,MARUTHI MANDIRA W NO126,12.967729,77.536173,VS Garden,Rayapuram,Central,1888,no
14,29200804008,BBMP HEIGHER PRIMARY SCHOOL MARUTHI MANDIR,MARUTHI MANDIRA W NO126,12.967729,77.536173,IPD Salappa Layout,Rayapuram,Central,1893,no
14,29200804008,BBMP HEIGHER PRIMARY SCHOOL MARUTHI MANDIR,MARUTHI MANDIRA W NO126,12.967729,77.536173,Farookhiya Nagar I & II,JJR Nagar,Central,2029,no
14,29200804008,BBMP HEIGHER PRIMARY SCHOOL MARUTHI MANDIR,MARUTHI MANDIRA W NO126,12.967729,77.536173,Boomatha Seva Sangha,JJR Nagar,Central,2041,no
14,29200804008,BBMP HEIGHER PRIMARY SCHOOL MARUTHI MANDIR,MARUTHI MANDIRA W NO126,12.967729,77.536173,Narasimaiah Colony,JJR Nagar,Central,2080,no
14,29200804008,BBMP HEIGHER PRIMARY SCHOOL MARUTHI MANDIR,MARUTHI MANDIRA W NO126,12.967729,77.536173,Patankot,Nagarbhavi,Central,2112,no
14,29200804008,BBMP HEIGHER PRIMARY SCHOOL MARUTHI MANDIR,MARUTHI MANDIRA W NO126,12.967729,77.536173,Devegowda slum,Nagarbhavi,Central,2126,no
14,29200804008,BBMP HEIGHER PRIMARY SCHOOL MARUTHI MANDIR,MARUTHI MANDIRA W NO126,12.967729,77.536173,Harikunte,Rayapuram,Central,2128,no
14,29200804008,BBMP HEIGHER PRIMARY SCHOOL MARUTHI MANDIR,MARUTHI MANDIRA W NO126,12.967729,77.536173,Hoysala Nagar,Nagarbhavi,Central,2222,no
14,29200804008,BBMP HEIGHER PRIMARY SCHOOL MARUTHI MANDIR,MARUTHI MANDIRA W NO126,12.967729,77.536173,Sanjay Nagar,JJR Nagar,Central,2236,no
14,29200804008,BBMP HEIGHER PRIMARY SCHOOL MARUTHI MANDIR,MARUTHI MANDIRA W NO126,12.967729,77.536173,Gangondanahalli,Nagarbhavi,Central,2240,no
14,29200804008,BBMP HEIGHER PRIMARY SCHOOL MARUTHI MANDIR,MARUTHI MANDIRA W NO126,12.967729,77.536173,AK Badavane,JJR Nagar,Central,2267,no
14,29200804008,BBMP HEIGHER PRIMARY SCHOOL MARUTHI MANDIR,MARUTHI MANDIRA W NO126,12.967729,77.536173,JJR Nagar South,Rayapuram,Central,2340,no
14,29200804008,BBMP HEIGHER PRIMARY SCHOOL MARUTHI MANDIR,MARUTHI MANDIRA W NO126,12.967729,77.536173,JJR Nagar North,Rayapuram,Central,2342,no
14,29200804008,BBMP HEIGHER PRIMARY SCHOOL MARUTHI MANDIR,MARUTHI MANDIRA W NO126,12.967729,77.536173,Krishnappa Garden,Yeshwantpur,West,2343,no
14,29200804008,BBMP HEIGHER PRIMARY SCHOOL MARUTHI MANDIR,MARUTHI MANDIRA W NO126,12.967729,77.536173,Ganapathi Slum,Nagarbhavi,Central,2625,no
14,29200804008,BBMP HEIGHER PRIMARY SCHOOL MARUTHI MANDIR,MARUTHI MANDIRA W NO126,12.967729,77.536173,Sumanahalli,Peenya North,North,2782,no
14,29200804008,BBMP HEIGHER PRIMARY SCHOOL MARUTHI MANDIR,MARUTHI MANDIRA W NO126,12.967729,77.536173,Kottigepalya,Peenya North,North,2808,no
14,29200804008,BBMP HEIGHER PRIMARY SCHOOL MARUTHI MANDIR,MARUTHI MANDIRA W NO126,12.967729,77.536173,Nagamma Nagar,JJR Nagar,Central,2897,no
14,29200804008,BBMP HEIGHER PRIMARY SCHOOL MARUTHI MANDIR,MARUTHI MANDIRA W NO126,12.967729,77.536173,Gopalpura,Majestic,North,2904,no
14,29200804008,BBMP HEIGHER PRIMARY SCHOOL MARUTHI MANDIR,MARUTHI MANDIRA W NO126,12.967729,77.536173,Keshava Nagar,JJR Nagar,Central,2920,no
14,29200804008,BBMP HEIGHER PRIMARY SCHOOL MARUTHI MANDIR,MARUTHI MANDIRA W NO126,12.967729,77.536173,Vinny Colony,JJR Nagar,Central,2966,no
14,29200804008,BBMP HEIGHER PRIMARY SCHOOL MARUTHI MANDIR,MARUTHI MANDIRA W NO126,12.967729,77.536173,Ashwath Nagar,JJR Nagar,Central,2976,no
14,29200804008,BBMP HEIGHER PRIMARY SCHOOL MARUTHI MANDIR,MARUTHI MANDIRA W NO126,12.967729,77.536173,Anjanappa Garden I & II,KR Market,Central,3016,no
14,29200804008,BBMP HEIGHER PRIMARY SCHOOL MARUTHI MANDIR,MARUTHI MANDIRA W NO126,12.967729,77.536173,Bhangi Colony,KR Market,Central,3198,no
14,29200804008,BBMP HEIGHER PRIMARY SCHOOL MARUTHI MANDIR,MARUTHI MANDIRA W NO126,12.967729,77.536173,Minerva Mill,Majestic,North,3208,no
14,29200804008,BBMP HEIGHER PRIMARY SCHOOL MARUTHI MANDIR,MARUTHI MANDIRA W NO126,12.967729,77.536173,Anjaneya Temple,KR Market,Central,3272,no
14,29200804008,BBMP HEIGHER PRIMARY SCHOOL MARUTHI MANDIR,MARUTHI MANDIRA W NO126,12.967729,77.536173,Ambedkar Quarters,Nagarbhavi,Central,3273,no
14,29200804008,BBMP HEIGHER PRIMARY SCHOOL MARUTHI MANDIR,MARUTHI MANDIRA W NO126,12.967729,77.536173,Ambedkar Nagar-105,Nagarbhavi,Central,3273,no
14,29200804008,BBMP HEIGHER PRIMARY SCHOOL MARUTHI MANDIR,MARUTHI MANDIRA W NO126,12.967729,77.536173,Giripuram,KR Market,Central,3284,no
14,29200804008,BBMP HEIGHER PRIMARY SCHOOL MARUTHI MANDIR,MARUTHI MANDIRA W NO126,12.967729,77.536173,Tippu Nagar,KR Market,Central,3312,no
14,29200804008,BBMP HEIGHER PRIMARY SCHOOL MARUTHI MANDIR,MARUTHI MANDIRA W NO126,12.967729,77.536173,Sidhartha Nagar,KR Market,Central,3313,no
14,29200804008,BBMP HEIGHER PRIMARY SCHOOL MARUTHI MANDIR,MARUTHI MANDIRA W NO126,12.967729,77.536173,Old Pension Mohalla,KR Market,Central,3319,no
14,29200804008,BBMP HEIGHER PRIMARY SCHOOL MARUTHI MANDIR,MARUTHI MANDIRA W NO126,12.967729,77.536173,Adimoola Compound,KR Market,Central,3336,no
14,29200804008,BBMP HEIGHER PRIMARY SCHOOL MARUTHI MANDIR,MARUTHI MANDIRA W NO126,12.967729,77.536173,VST colony,Majestic,North,3359,no
14,29200804008,BBMP HEIGHER PRIMARY SCHOOL MARUTHI MANDIR,MARUTHI MANDIRA W NO126,12.967729,77.536173,Anandapuram I & II,KR Market,Central,3392,no
14,29200804008,BBMP HEIGHER PRIMARY SCHOOL MARUTHI MANDIR,MARUTHI MANDIRA W NO126,12.967729,77.536173,Cheluvadipalya,KR Market,Central,3435,no
14,29200804008,BBMP HEIGHER PRIMARY SCHOOL MARUTHI MANDIR,MARUTHI MANDIRA W NO126,12.967729,77.536173,Veerabhadra Nagar,Nagarbhavi,Central,3454,no
14,29200804008,BBMP HEIGHER PRIMARY SCHOOL MARUTHI MANDIR,MARUTHI MANDIRA W NO126,12.967729,77.536173,Velmurugapuram,KR Market,Central,3503,no
14,29200804008,BBMP HEIGHER PRIMARY SCHOOL MARUTHI MANDIR,MARUTHI MANDIRA W NO126,12.967729,77.536173,Chamundi Slum,Nagarbhavi,Central,3506,no
14,29200804008,BBMP HEIGHER PRIMARY SCHOOL MARUTHI MANDIR,MARUTHI MANDIRA W NO126,12.967729,77.536173,D'souza Nagar,Nagarbhavi,Central,3546,no
14,29200804008,BBMP HEIGHER PRIMARY SCHOOL MARUTHI MANDIR,MARUTHI MANDIRA W NO126,12.967729,77.536173,Bhakshi Garden I & II,KR Market,Central,3597,no
14,29200804008,BBMP HEIGHER PRIMARY SCHOOL MARUTHI MANDIR,MARUTHI MANDIRA W NO126,12.967729,77.536173,Saw Mill Lane,KR Market,Central,3618,no
14,29200804008,BBMP HEIGHER PRIMARY SCHOOL MARUTHI MANDIR,MARUTHI MANDIRA W NO126,12.967729,77.536173,Atmajyothi Nagar,Ullalu,West,3622,no
14,29200804008,BBMP HEIGHER PRIMARY SCHOOL MARUTHI MANDIR,MARUTHI MANDIRA W NO126,12.967729,77.536173,Jolly Mohalla,KR Market,Central,3841,no
14,29200804008,BBMP HEIGHER PRIMARY SCHOOL MARUTHI MANDIR,MARUTHI MANDIRA W NO126,12.967729,77.536173,Okalipuram,Majestic,North,3842,no
14,29200804008,BBMP HEIGHER PRIMARY SCHOOL MARUTHI MANDIR,MARUTHI MANDIRA W NO126,12.967729,77.536173,Dayananda Nagar,Majestic,North,3914,no
15,29200800634,BBMP HIGH SCHOOL Bannappa park Bangalore,"BBMP high school Bannappa park Bangalore-5600K G Road , Cubbonpet",12.97002,77.57327,Saw Mill Lane,KR Market,Central,530,yes
15,29200800634,BBMP HIGH SCHOOL Bannappa park Bangalore,"BBMP high school Bannappa park Bangalore-5600K G Road , Cubbonpet",12.97002,77.57327,Jolly Mohalla,KR Market,Central,541,no
15,29200800634,BBMP HIGH SCHOOL Bannappa park Bangalore,"BBMP high school Bannappa park Bangalore-5600K G Road , Cubbonpet",12.97002,77.57327,Bhakshi Garden I & II,KR Market,Central,543,no
15,29200800634,BBMP HIGH SCHOOL Bannappa park Bangalore,"BBMP high school Bannappa park Bangalore-5600K G Road , Cubbonpet",12.97002,77.57327,Velmurugapuram,KR Market,Central,725,no
15,29200800634,BBMP HIGH SCHOOL Bannappa park Bangalore,"BBMP high school Bannappa park Bangalore-5600K G Road , Cubbonpet",12.97002,77.57327,Cheluvadipalya,KR Market,Central,751,no
15,29200800634,BBMP HIGH SCHOOL Bannappa park Bangalore,"BBMP high school Bannappa park Bangalore-5600K G Road , Cubbonpet",12.97002,77.57327,Himalaya Huts,Majestic,North,792,no
15,29200800634,BBMP HIGH SCHOOL Bannappa park Bangalore,"BBMP high school Bannappa park Bangalore-5600K G Road , Cubbonpet",12.97002,77.57327,Sidhartha Nagar,KR Market,Central,829,no
15,29200800634,BBMP HIGH SCHOOL Bannappa park Bangalore,"BBMP high school Bannappa park Bangalore-5600K G Road , Cubbonpet",12.97002,77.57327,VST colony,Majestic,North,909,no
15,29200800634,BBMP HIGH SCHOOL Bannappa park Bangalore,"BBMP high school Bannappa park Bangalore-5600K G Road , Cubbonpet",12.97002,77.57327,Bhangi Colony,KR Market,Central,922,no
15,29200800634,BBMP HIGH SCHOOL Bannappa park Bangalore,"BBMP high school Bannappa park Bangalore-5600K G Road , Cubbonpet",12.97002,77.57327,New Tharagupet,KR Market,Central,930,no
15,29200800634,BBMP HIGH SCHOOL Bannappa park Bangalore,"BBMP high school Bannappa park Bangalore-5600K G Road , Cubbonpet",12.97002,77.57327,Old Pension Mohalla,KR Market,Central,931,no
15,29200800634,BBMP HIGH SCHOOL Bannappa park Bangalore,"BBMP high school Bannappa park Bangalore-5600K G Road , Cubbonpet",12.97002,77.57327,Giripuram,KR Market,Central,1038,no
15,29200800634,BBMP HIGH SCHOOL Bannappa park Bangalore,"BBMP high school Bannappa park Bangalore-5600K G Road , Cubbonpet",12.97002,77.57327,Anandapuram I & II,KR Market,Central,1065,no
15,29200800634,BBMP HIGH SCHOOL Bannappa park Bangalore,"BBMP high school Bannappa park Bangalore-5600K G Road , Cubbonpet",12.97002,77.57327,Adimoola Compound,KR Market,Central,1132,no
15,29200800634,BBMP HIGH SCHOOL Bannappa park Bangalore,"BBMP high school Bannappa park Bangalore-5600K G Road , Cubbonpet",12.97002,77.57327,Nagamma Nagar,JJR Nagar,Central,1151,no
15,29200800634,BBMP HIGH SCHOOL Bannappa park Bangalore,"BBMP high school Bannappa park Bangalore-5600K G Road , Cubbonpet",12.97002,77.57327,Anjanappa Garden I & II,KR Market,Central,1155,no
15,29200800634,BBMP HIGH SCHOOL Bannappa park Bangalore,"BBMP high school Bannappa park Bangalore-5600K G Road , Cubbonpet",12.97002,77.57327,Anjaneya Temple,KR Market,Central,1178,no
15,29200800634,BBMP HIGH SCHOOL Bannappa park Bangalore,"BBMP high school Bannappa park Bangalore-5600K G Road , Cubbonpet",12.97002,77.57327,Keshava Nagar,JJR Nagar,Central,1186,no
15,29200800634,BBMP HIGH SCHOOL Bannappa park Bangalore,"BBMP high school Bannappa park Bangalore-5600K G Road , Cubbonpet",12.97002,77.57327,Vinny Colony,JJR Nagar,Central,1191,no
15,29200800634,BBMP HIGH SCHOOL Bannappa park Bangalore,"BBMP high school Bannappa park Bangalore-5600K G Road , Cubbonpet",12.97002,77.57327,Tippu Nagar,KR Market,Central,1204,no
15,29200800634,BBMP HIGH SCHOOL Bannappa park Bangalore,"BBMP high school Bannappa park Bangalore-5600K G Road , Cubbonpet",12.97002,77.57327,Ashwath Nagar,JJR Nagar,Central,1214,no
15,29200800634,BBMP HIGH SCHOOL Bannappa park Bangalore,"BBMP high school Bannappa park Bangalore-5600K G Road , Cubbonpet",12.97002,77.57327,Minerva Mill,Majestic,North,1267,no
15,29200800634,BBMP HIGH SCHOOL Bannappa park Bangalore,"BBMP high school Bannappa park Bangalore-5600K G Road , Cubbonpet",12.97002,77.57327,Lakshmanapuri,Majestic,North,1335,no
15,29200800634,BBMP HIGH SCHOOL Bannappa park Bangalore,"BBMP high school Bannappa park Bangalore-5600K G Road , Cubbonpet",12.97002,77.57327,Gopalpura,Majestic,North,1481,no
15,29200800634,BBMP HIGH SCHOOL Bannappa park Bangalore,"BBMP high school Bannappa park Bangalore-5600K G Road , Cubbonpet",12.97002,77.57327,JCW Nagar,Majestic,North,1512,no
15,29200800634,BBMP HIGH SCHOOL Bannappa park Bangalore,"BBMP high school Bannappa park Bangalore-5600K G Road , Cubbonpet",12.97002,77.57327,Ambedkar Nagar-97,Majestic,North,1516,no
15,29200800634,BBMP HIGH SCHOOL Bannappa park Bangalore,"BBMP high school Bannappa park Bangalore-5600K G Road , Cubbonpet",12.97002,77.57327,VV Giri colony,Majestic,North,1610,no
15,29200800634,BBMP HIGH SCHOOL Bannappa park Bangalore,"BBMP high school Bannappa park Bangalore-5600K G Road , Cubbonpet",12.97002,77.57327,Okalipuram,Majestic,North,1648,no
15,29200800634,BBMP HIGH SCHOOL Bannappa park Bangalore,"BBMP high school Bannappa park Bangalore-5600K G Road , Cubbonpet",12.97002,77.57327,Hanumanthappa Colony,Majestic,North,1700,no
15,29200800634,BBMP HIGH SCHOOL Bannappa park Bangalore,"BBMP high school Bannappa park Bangalore-5600K G Road , Cubbonpet",12.97002,77.57327,Ramanna Garden,KR Market,Central,1730,no
15,29200800634,BBMP HIGH SCHOOL Bannappa park Bangalore,"BBMP high school Bannappa park Bangalore-5600K G Road , Cubbonpet",12.97002,77.57327,Rasaldhar Street,Majestic,North,1755,no
15,29200800634,BBMP HIGH SCHOOL Bannappa park Bangalore,"BBMP high school Bannappa park Bangalore-5600K G Road , Cubbonpet",12.97002,77.57327,JJR Nagar North,Rayapuram,Central,1780,no
15,29200800634,BBMP HIGH SCHOOL Bannappa park Bangalore,"BBMP high school Bannappa park Bangalore-5600K G Road , Cubbonpet",12.97002,77.57327,Vivekananda Nagar,Majestic,North,1818,no
15,29200800634,BBMP HIGH SCHOOL Bannappa park Bangalore,"BBMP high school Bannappa park Bangalore-5600K G Road , Cubbonpet",12.97002,77.57327,Gurappa Garden,KR Market,Central,1847,no
15,29200800634,BBMP HIGH SCHOOL Bannappa park Bangalore,"BBMP high school Bannappa park Bangalore-5600K G Road , Cubbonpet",12.97002,77.57327,JJR Nagar South,Rayapuram,Central,1889,no
15,29200800634,BBMP HIGH SCHOOL Bannappa park Bangalore,"BBMP high school Bannappa park Bangalore-5600K G Road , Cubbonpet",12.97002,77.57327,Vinoba nagar,KR Market,Central,1902,no
15,29200800634,BBMP HIGH SCHOOL Bannappa park Bangalore,"BBMP high school Bannappa park Bangalore-5600K G Road , Cubbonpet",12.97002,77.57327,Harikunte,Rayapuram,Central,1935,no
15,29200800634,BBMP HIGH SCHOOL Bannappa park Bangalore,"BBMP high school Bannappa park Bangalore-5600K G Road , Cubbonpet",12.97002,77.57327,Hanumanthapura,Majestic,North,2029,no
15,29200800634,BBMP HIGH SCHOOL Bannappa park Bangalore,"BBMP high school Bannappa park Bangalore-5600K G Road , Cubbonpet",12.97002,77.57327,IPD Salappa Layout,Rayapuram,Central,2135,no
15,29200800634,BBMP HIGH SCHOOL Bannappa park Bangalore,"BBMP high school Bannappa park Bangalore-5600K G Road , Cubbonpet",12.97002,77.57327,Handigudisalu,Majestic,North,2146,no
15,29200800634,BBMP HIGH SCHOOL Bannappa park Bangalore,"BBMP high school Bannappa park Bangalore-5600K G Road , Cubbonpet",12.97002,77.57327,Kasturi Nagar,Majestic,North,2148,no
15,29200800634,BBMP HIGH SCHOOL Bannappa park Bangalore,"BBMP high school Bannappa park Bangalore-5600K G Road , Cubbonpet",12.97002,77.57327,VS Garden,Rayapuram,Central,2149,no
15,29200800634,BBMP HIGH SCHOOL Bannappa park Bangalore,"BBMP high school Bannappa park Bangalore-5600K G Road , Cubbonpet",12.97002,77.57327,Srirampura,Majestic,North,2199,no
15,29200800634,BBMP HIGH SCHOOL Bannappa park Bangalore,"BBMP high school Bannappa park Bangalore-5600K G Road , Cubbonpet",12.97002,77.57327,Gawtham Nagar,Majestic,North,2215,no
15,29200800634,BBMP HIGH SCHOOL Bannappa park Bangalore,"BBMP high school Bannappa park Bangalore-5600K G Road , Cubbonpet",12.97002,77.57327,Swathanthra Nagar,Majestic,North,2267,no
15,29200800634,BBMP HIGH SCHOOL Bannappa park Bangalore,"BBMP high school Bannappa park Bangalore-5600K G Road , Cubbonpet",12.97002,77.57327,Farookhiya Nagar I & II,JJR Nagar,Central,2272,no
15,29200800634,BBMP HIGH SCHOOL Bannappa park Bangalore,"BBMP high school Bannappa park Bangalore-5600K G Road , Cubbonpet",12.97002,77.57327,RKS,Majestic,North,2299,no
15,29200800634,BBMP HIGH SCHOOL Bannappa park Bangalore,"BBMP high school Bannappa park Bangalore-5600K G Road , Cubbonpet",12.97002,77.57327,Railway Station/Ambedkar Nagar,Majestic,North,2441,no
15,29200800634,BBMP HIGH SCHOOL Bannappa park Bangalore,"BBMP high school Bannappa park Bangalore-5600K G Road , Cubbonpet",12.97002,77.57327,Boomatha Seva Sangha,JJR Nagar,Central,2557,no
15,29200800634,BBMP HIGH SCHOOL Bannappa park Bangalore,"BBMP high school Bannappa park Bangalore-5600K G Road , Cubbonpet",12.97002,77.57327,7th & 8th Mn Rd Padarayanapura,JJR Nagar,Central,2560,no
15,29200800634,BBMP HIGH SCHOOL Bannappa park Bangalore,"BBMP high school Bannappa park Bangalore-5600K G Road , Cubbonpet",12.97002,77.57327,Dayananda Nagar,Majestic,North,2569,no
15,29200800634,BBMP HIGH SCHOOL Bannappa park Bangalore,"BBMP high school Bannappa park Bangalore-5600K G Road , Cubbonpet",12.97002,77.57327,Janata Colony,JJR Nagar,Central,2590,no
15,29200800634,BBMP HIGH SCHOOL Bannappa park Bangalore,"BBMP high school Bannappa park Bangalore-5600K G Road , Cubbonpet",12.97002,77.57327,Valluvarpurm,Majestic,North,2705,no
15,29200800634,BBMP HIGH SCHOOL Bannappa park Bangalore,"BBMP high school Bannappa park Bangalore-5600K G Road , Cubbonpet",12.97002,77.57327,Vinayaka Nagar,JJR Nagar,Central,2725,no
15,29200800634,BBMP HIGH SCHOOL Bannappa park Bangalore,"BBMP high school Bannappa park Bangalore-5600K G Road , Cubbonpet",12.97002,77.57327,Devarajurs Nagar,JJR Nagar,Central,2785,no
15,29200800634,BBMP HIGH SCHOOL Bannappa park Bangalore,"BBMP high school Bannappa park Bangalore-5600K G Road , Cubbonpet",12.97002,77.57327,Arfath Nagar I & II,JJR Nagar,Central,2867,no
15,29200800634,BBMP HIGH SCHOOL Bannappa park Bangalore,"BBMP high school Bannappa park Bangalore-5600K G Road , Cubbonpet",12.97002,77.57327,Gada,JJR Nagar,Central,2985,no
15,29200800634,BBMP HIGH SCHOOL Bannappa park Bangalore,"BBMP high school Bannappa park Bangalore-5600K G Road , Cubbonpet",12.97002,77.57327,Vivekananda block,Majestic,North,3035,no
15,29200800634,BBMP HIGH SCHOOL Bannappa park Bangalore,"BBMP high school Bannappa park Bangalore-5600K G Road , Cubbonpet",12.97002,77.57327,Anjaneya block,Majestic,North,3082,no
15,29200800634,BBMP HIGH SCHOOL Bannappa park Bangalore,"BBMP high school Bannappa park Bangalore-5600K G Road , Cubbonpet",12.97002,77.57327,Sanjay Nagar,JJR Nagar,Central,3324,no
15,29200800634,BBMP HIGH SCHOOL Bannappa park Bangalore,"BBMP high school Bannappa park Bangalore-5600K G Road , Cubbonpet",12.97002,77.57327,Sarkari Oni,Yeshwantpur,West,3604,no
15,29200800634,BBMP HIGH SCHOOL Bannappa park Bangalore,"BBMP high school Bannappa park Bangalore-5600K G Road , Cubbonpet",12.97002,77.57327,Narasimaiah Colony,JJR Nagar,Central,3640,no
15,29200800634,BBMP HIGH SCHOOL Bannappa park Bangalore,"BBMP high school Bannappa park Bangalore-5600K G Road , Cubbonpet",12.97002,77.57327,Thimmenahalli,Nagarbhavi,Central,3983,no
15,29200800634,BBMP HIGH SCHOOL Bannappa park Bangalore,"BBMP high school Bannappa park Bangalore-5600K G Road , Cubbonpet",12.97002,77.57327,AK Colony,JJR Nagar,Central,3992,no
16,29200802627,BBMP MALAGALA JANATHA COLONY,"bbmpvikasnagar ,t dasarahalli",12.9745,77.52206,Kurilingappa Garden,Nagarbhavi,Central,561,yes
16,29200802627,BBMP MALAGALA JANATHA COLONY,"bbmpvikasnagar ,t dasarahalli",12.9745,77.52206,Kanaka Nagar,Nagarbhavi,Central,894,no
16,29200802627,BBMP MALAGALA JANATHA COLONY,"bbmpvikasnagar ,t dasarahalli",12.9745,77.52206,Nanjarasappa Badavane,Nagarbhavi,Central,1188,no
16,29200802627,BBMP MALAGALA JANATHA COLONY,"bbmpvikasnagar ,t dasarahalli",12.9745,77.52206,Sumanahalli,Peenya North,North,1346,no
16,29200802627,BBMP MALAGALA JANATHA COLONY,"bbmpvikasnagar ,t dasarahalli",12.9745,77.52206,Kottigepalya,Peenya North,North,1364,no
16,29200802627,BBMP MALAGALA JANATHA COLONY,"bbmpvikasnagar ,t dasarahalli",12.9745,77.52206,Corporation Colony,Nagarbhavi,Central,1442,no
16,29200802627,BBMP MALAGALA JANATHA COLONY,"bbmpvikasnagar ,t dasarahalli",12.9745,77.52206,Hoysala Nagar,Nagarbhavi,Central,1591,no
16,29200802627,BBMP MALAGALA JANATHA COLONY,"bbmpvikasnagar ,t dasarahalli",12.9745,77.52206,Krishnappa Garden,Yeshwantpur,West,1611,no
16,29200802627,BBMP MALAGALA JANATHA COLONY,"bbmpvikasnagar ,t dasarahalli",12.9745,77.52206,Thimmenahalli,Nagarbhavi,Central,1670,no
16,29200802627,BBMP MALAGALA JANATHA COLONY,"bbmpvikasnagar ,t dasarahalli",12.9745,77.52206,Sarkari Oni,Yeshwantpur,West,2054,no
16,29200802627,BBMP MALAGALA JANATHA COLONY,"bbmpvikasnagar ,t dasarahalli",12.9745,77.52206,Devegowda slum,Nagarbhavi,Central,2393,no
16,29200802627,BBMP MALAGALA JANATHA COLONY,"bbmpvikasnagar ,t dasarahalli",12.9745,77.52206,Patankot,Nagarbhavi,Central,2442,no
16,29200802627,BBMP MALAGALA JANATHA COLONY,"bbmpvikasnagar ,t dasarahalli",12.9745,77.52206,Gangondanahalli,Nagarbhavi,Central,2637,no
16,29200802627,BBMP MALAGALA JANATHA COLONY,"bbmpvikasnagar ,t dasarahalli",12.9745,77.52206,Gada,JJR Nagar,Central,2898,no
16,29200802627,BBMP MALAGALA JANATHA COLONY,"bbmpvikasnagar ,t dasarahalli",12.9745,77.52206,Arfath Nagar I & II,JJR Nagar,Central,3034,no
16,29200802627,BBMP MALAGALA JANATHA COLONY,"bbmpvikasnagar ,t dasarahalli",12.9745,77.52206,Venkateshwara slum,Nagarbhavi,Central,3080,no
16,29200802627,BBMP MALAGALA JANATHA COLONY,"bbmpvikasnagar ,t dasarahalli",12.9745,77.52206,7th & 8th Mn Rd Padarayanapura,JJR Nagar,Central,3204,no
16,29200802627,BBMP MALAGALA JANATHA COLONY,"bbmpvikasnagar ,t dasarahalli",12.9745,77.52206,AK Colony,JJR Nagar,Central,3304,no
16,29200802627,BBMP MALAGALA JANATHA COLONY,"bbmpvikasnagar ,t dasarahalli",12.9745,77.52206,Devarajurs Nagar,JJR Nagar,Central,3334,no
16,29200802627,BBMP MALAGALA JANATHA COLONY,"bbmpvikasnagar ,t dasarahalli",12.9745,77.52206,Kole Basawa Community Jopadi,Peenya North,North,3395,no
16,29200802627,BBMP MALAGALA JANATHA COLONY,"bbmpvikasnagar ,t dasarahalli",12.9745,77.52206,Handigudisalu,Majestic,North,3460,no
16,29200802627,BBMP MALAGALA JANATHA COLONY,"bbmpvikasnagar ,t dasarahalli",12.9745,77.52206,Vinayaka Nagar,JJR Nagar,Central,3484,no
16,29200802627,BBMP MALAGALA JANATHA COLONY,"bbmpvikasnagar ,t dasarahalli",12.9745,77.52206,IPD Salappa Layout,Rayapuram,Central,3486,no
16,29200802627,BBMP MALAGALA JANATHA COLONY,"bbmpvikasnagar ,t dasarahalli",12.9745,77.52206,VS Garden,Rayapuram,Central,3501,no
16,29200802627,BBMP MALAGALA JANATHA COLONY,"bbmpvikasnagar ,t dasarahalli",12.9745,77.52206,Janata Colony,JJR Nagar,Central,3552,no
16,29200802627,BBMP MALAGALA JANATHA COLONY,"bbmpvikasnagar ,t dasarahalli",12.9745,77.52206,Narasimaiah Colony,JJR Nagar,Central,3618,no
16,29200802627,BBMP MALAGALA JANATHA COLONY,"bbmpvikasnagar ,t dasarahalli",12.9745,77.52206,AK Badavane,JJR Nagar,Central,3655,no
16,29200802627,BBMP MALAGALA JANATHA COLONY,"bbmpvikasnagar ,t dasarahalli",12.9745,77.52206,Ganapathi Slum,Nagarbhavi,Central,3707,no
16,29200802627,BBMP MALAGALA JANATHA COLONY,"bbmpvikasnagar ,t dasarahalli",12.9745,77.52206,Farookhiya Nagar I & II,JJR Nagar,Central,3724,no
16,29200802627,BBMP MALAGALA JANATHA COLONY,"bbmpvikasnagar ,t dasarahalli",12.9745,77.52206,Ambedkar Quarters,Nagarbhavi,Central,3743,no
16,29200802627,BBMP MALAGALA JANATHA COLONY,"bbmpvikasnagar ,t dasarahalli",12.9745,77.52206,Ambedkar Nagar-105,Nagarbhavi,Central,3743,no
16,29200802627,BBMP MALAGALA JANATHA COLONY,"bbmpvikasnagar ,t dasarahalli",12.9745,77.52206,Boomatha Seva Sangha,JJR Nagar,Central,3744,no
16,29200802627,BBMP MALAGALA JANATHA COLONY,"bbmpvikasnagar ,t dasarahalli",12.9745,77.52206,Harikunte,Rayapuram,Central,3758,no
16,29200802627,BBMP MALAGALA JANATHA COLONY,"bbmpvikasnagar ,t dasarahalli",12.9745,77.52206,Sanjay Nagar,JJR Nagar,Central,3843,no
16,29200802627,BBMP MALAGALA JANATHA COLONY,"bbmpvikasnagar ,t dasarahalli",12.9745,77.52206,Maruthi Nagar A,Peenya North,North,3921,no
16,29200802627,BBMP MALAGALA JANATHA COLONY,"bbmpvikasnagar ,t dasarahalli",12.9745,77.52206,JJR Nagar North,Rayapuram,Central,3992,no
17,29280203249,B.B.M.P. HIGH SCHOOL MARAPPANAPALYA,B.B.M.P HIGH SCHOOL MARAPPANAPALAYABBMP High school Marappanapalya 560022,13.018,77.54904,Sharif Nagar,Yeshwantpur,West,610,yes
17,29280203249,B.B.M.P. HIGH SCHOOL MARAPPANAPALYA,B.B.M.P HIGH SCHOOL MARAPPANAPALAYABBMP High school Marappanapalya 560022,13.018,77.54904,Vinayaka Slum,Peenya - West,West,934,no
17,29280203249,B.B.M.P. HIGH SCHOOL MARAPPANAPALYA,B.B.M.P HIGH SCHOOL MARAPPANAPALAYABBMP High school Marappanapalya 560022,13.018,77.54904,Bheemshakthi Slum,Yeshwantpur,West,1185,no
17,29280203249,B.B.M.P. HIGH SCHOOL MARAPPANAPALYA,B.B.M.P HIGH SCHOOL MARAPPANAPALAYABBMP High school Marappanapalya 560022,13.018,77.54904,Sanjay Gandhi Nagar,Peenya - West,West,1222,no
17,29280203249,B.B.M.P. HIGH SCHOOL MARAPPANAPALYA,B.B.M.P HIGH SCHOOL MARAPPANAPALAYABBMP High school Marappanapalya 560022,13.018,77.54904,Lumbini Slum,Peenya - West,West,1420,no
17,29280203249,B.B.M.P. HIGH SCHOOL MARAPPANAPALYA,B.B.M.P HIGH SCHOOL MARAPPANAPALAYABBMP High school Marappanapalya 560022,13.018,77.54904,Muneshwar Nagar,Peenya - West,West,1540,no
17,29280203249,B.B.M.P. HIGH SCHOOL MARAPPANAPALYA,B.B.M.P HIGH SCHOOL MARAPPANAPALAYABBMP High school Marappanapalya 560022,13.018,77.54904,Buddha Nagar,Peenya - West,West,2341,no
17,29280203249,B.B.M.P. HIGH SCHOOL MARAPPANAPALYA,B.B.M.P HIGH SCHOOL MARAPPANAPALAYABBMP High school Marappanapalya 560022,13.018,77.54904,Havadigara Colony,Peenya - West,West,2353,no
17,29280203249,B.B.M.P. HIGH SCHOOL MARAPPANAPALYA,B.B.M.P HIGH SCHOOL MARAPPANAPALAYABBMP High school Marappanapalya 560022,13.018,77.54904,Sanjay Gandhi Nagar-42,Peenya - West,West,2376,no
17,29280203249,B.B.M.P. HIGH SCHOOL MARAPPANAPALYA,B.B.M.P HIGH SCHOOL MARAPPANAPALAYABBMP High school Marappanapalya 560022,13.018,77.54904,Ashraya Nagar,Peenya - West,West,2476,no
17,29280203249,B.B.M.P. HIGH SCHOOL MARAPPANAPALYA,B.B.M.P HIGH SCHOOL MARAPPANAPALAYABBMP High school Marappanapalya 560022,13.018,77.54904,Jai Bheem Nagar,Peenya - West,West,2523,no
17,29280203249,B.B.M.P. HIGH SCHOOL MARAPPANAPALYA,B.B.M.P HIGH SCHOOL MARAPPANAPALAYABBMP High school Marappanapalya 560022,13.018,77.54904,Vambe Quarters,Peenya - West,West,2600,no
17,29280203249,B.B.M.P. HIGH SCHOOL MARAPPANAPALYA,B.B.M.P HIGH SCHOOL MARAPPANAPALAYABBMP High school Marappanapalya 560022,13.018,77.54904,Kempamma badavane,Peenya - West,West,2721,no
17,29280203249,B.B.M.P. HIGH SCHOOL MARAPPANAPALYA,B.B.M.P HIGH SCHOOL MARAPPANAPALAYABBMP High school Marappanapalya 560022,13.018,77.54904,Kaveri Nagar,Peenya - West,West,2980,no
17,29280203249,B.B.M.P. HIGH SCHOOL MARAPPANAPALYA,B.B.M.P HIGH SCHOOL MARAPPANAPALAYABBMP High school Marappanapalya 560022,13.018,77.54904,Dayananda Nagar,Majestic,North,3378,no
17,29280203249,B.B.M.P. HIGH SCHOOL MARAPPANAPALYA,B.B.M.P HIGH SCHOOL MARAPPANAPALAYABBMP High school Marappanapalya 560022,13.018,77.54904,Valluvarpurm,Majestic,North,3433,no
17,29280203249,B.B.M.P. HIGH SCHOOL MARAPPANAPALYA,B.B.M.P HIGH SCHOOL MARAPPANAPALAYABBMP High school Marappanapalya 560022,13.018,77.54904,Railway Station/Ambedkar Nagar,Majestic,North,3575,no
17,29280203249,B.B.M.P. HIGH SCHOOL MARAPPANAPALYA,B.B.M.P HIGH SCHOOL MARAPPANAPALAYABBMP High school Marappanapalya 560022,13.018,77.54904,Anjaneya block,Majestic,North,3689,no
17,29280203249,B.B.M.P. HIGH SCHOOL MARAPPANAPALYA,B.B.M.P HIGH SCHOOL MARAPPANAPALAYABBMP High school Marappanapalya 560022,13.018,77.54904,RKS,Majestic,North,3701,no
17,29280203249,B.B.M.P. HIGH SCHOOL MARAPPANAPALYA,B.B.M.P HIGH SCHOOL MARAPPANAPALAYABBMP High school Marappanapalya 560022,13.018,77.54904,Vivekananda block,Majestic,North,3707,no
17,29280203249,B.B.M.P. HIGH SCHOOL MARAPPANAPALYA,B.B.M.P HIGH SCHOOL MARAPPANAPALAYABBMP High school Marappanapalya 560022,13.018,77.54904,Gawtham Nagar,Majestic,North,3769,no
17,29280203249,B.B.M.P. HIGH SCHOOL MARAPPANAPALYA,B.B.M.P HIGH SCHOOL MARAPPANAPALAYABBMP High school Marappanapalya 560022,13.018,77.54904,Swathanthra Nagar,Majestic,North,3795,no
17,29280203249,B.B.M.P. HIGH SCHOOL MARAPPANAPALYA,B.B.M.P HIGH SCHOOL MARAPPANAPALAYABBMP High school Marappanapalya 560022,13.018,77.54904,Ambi Circle Water Tank Park,Peenya North,North,3816,no
17,29280203249,B.B.M.P. HIGH SCHOOL MARAPPANAPALYA,B.B.M.P HIGH SCHOOL MARAPPANAPALAYABBMP High school Marappanapalya 560022,13.018,77.54904,Srirampura,Majestic,North,3825,no
17,29280203249,B.B.M.P. HIGH SCHOOL MARAPPANAPALYA,B.B.M.P HIGH SCHOOL MARAPPANAPALAYABBMP High school Marappanapalya 560022,13.018,77.54904,Kasturi Nagar,Majestic,North,3827,no
17,29280203249,B.B.M.P. HIGH SCHOOL MARAPPANAPALYA,B.B.M.P HIGH SCHOOL MARAPPANAPALAYABBMP High school Marappanapalya 560022,13.018,77.54904,Jalageramma Temple,Sanjaynagar,North,3834,no
17,29280203249,B.B.M.P. HIGH SCHOOL MARAPPANAPALYA,B.B.M.P HIGH SCHOOL MARAPPANAPALAYABBMP High school Marappanapalya 560022,13.018,77.54904,Siddarthanagar,Peenya - West,West,3871,no
17,29280203249,B.B.M.P. HIGH SCHOOL MARAPPANAPALYA,B.B.M.P HIGH SCHOOL MARAPPANAPALAYABBMP High school Marappanapalya 560022,13.018,77.54904,Near Ambi circle,Peenya North,North,3874,no
17,29280203249,B.B.M.P. HIGH SCHOOL MARAPPANAPALYA,B.B.M.P HIGH SCHOOL MARAPPANAPALAYABBMP High school Marappanapalya 560022,13.018,77.54904,Sathi circle,Peenya North,North,3891,no
17,29280203249,B.B.M.P. HIGH SCHOOL MARAPPANAPALYA,B.B.M.P HIGH SCHOOL MARAPPANAPALAYABBMP High school Marappanapalya 560022,13.018,77.54904,Hanumanthapura,Majestic,North,3998,no
18,29280230512,B B M P H P S MARAPPANAPALYA,"BBMP HPS,MARAPPANAPALYA,YESHVANTHPURA ,BANGALORE-22",13.01789,77.54883,Sharif Nagar,Yeshwantpur,West,634,yes
18,29280230512,B B M P H P S MARAPPANAPALYA,"BBMP HPS,MARAPPANAPALYA,YESHVANTHPURA ,BANGALORE-22",13.01789,77.54883,Vinayaka Slum,Peenya - West,West,960,no
18,29280230512,B B M P H P S MARAPPANAPALYA,"BBMP HPS,MARAPPANAPALYA,YESHVANTHPURA ,BANGALORE-22",13.01789,77.54883,Bheemshakthi Slum,Yeshwantpur,West,1175,no
18,29280230512,B B M P H P S MARAPPANAPALYA,"BBMP HPS,MARAPPANAPALYA,YESHVANTHPURA ,BANGALORE-22",13.01789,77.54883,Sanjay Gandhi Nagar,Peenya - West,West,1230,no
18,29280230512,B B M P H P S MARAPPANAPALYA,"BBMP HPS,MARAPPANAPALYA,YESHVANTHPURA ,BANGALORE-22",13.01789,77.54883,Lumbini Slum,Peenya - West,West,1407,no
18,29280230512,B B M P H P S MARAPPANAPALYA,"BBMP HPS,MARAPPANAPALYA,YESHVANTHPURA ,BANGALORE-22",13.01789,77.54883,Muneshwar Nagar,Peenya - West,West,1545,no
18,29280230512,B B M P H P S MARAPPANAPALYA,"BBMP HPS,MARAPPANAPALYA,YESHVANTHPURA ,BANGALORE-22",13.01789,77.54883,Buddha Nagar,Peenya - West,West,2316,no
18,29280230512,B B M P H P S MARAPPANAPALYA,"BBMP HPS,MARAPPANAPALYA,YESHVANTHPURA ,BANGALORE-22",13.01789,77.54883,Havadigara Colony,Peenya - West,West,2329,no
18,29280230512,B B M P H P S MARAPPANAPALYA,"BBMP HPS,MARAPPANAPALYA,YESHVANTHPURA ,BANGALORE-22",13.01789,77.54883,Sanjay Gandhi Nagar-42,Peenya - West,West,2355,no
18,29280230512,B B M P H P S MARAPPANAPALYA,"BBMP HPS,MARAPPANAPALYA,YESHVANTHPURA ,BANGALORE-22",13.01789,77.54883,Ashraya Nagar,Peenya - West,West,2462,no
18,29280230512,B B M P H P S MARAPPANAPALYA,"BBMP HPS,MARAPPANAPALYA,YESHVANTHPURA ,BANGALORE-22",13.01789,77.54883,Jai Bheem Nagar,Peenya - West,West,2498,no
18,29280230512,B B M P H P S MARAPPANAPALYA,"BBMP HPS,MARAPPANAPALYA,YESHVANTHPURA ,BANGALORE-22",13.01789,77.54883,Vambe Quarters,Peenya - West,West,2577,no
18,29280230512,B B M P H P S MARAPPANAPALYA,"BBMP HPS,MARAPPANAPALYA,YESHVANTHPURA ,BANGALORE-22",13.01789,77.54883,Kempamma badavane,Peenya - West,West,2699,no
18,29280230512,B B M P H P S MARAPPANAPALYA,"BBMP HPS,MARAPPANAPALYA,YESHVANTHPURA ,BANGALORE-22",13.01789,77.54883,Kaveri Nagar,Peenya - West,West,2957,no
18,29280230512,B B M P H P S MARAPPANAPALYA,"BBMP HPS,MARAPPANAPALYA,YESHVANTHPURA ,BANGALORE-22",13.01789,77.54883,Dayananda Nagar,Majestic,North,3378,no
18,29280230512,B B M P H P S MARAPPANAPALYA,"BBMP HPS,MARAPPANAPALYA,YESHVANTHPURA ,BANGALORE-22",13.01789,77.54883,Valluvarpurm,Majestic,North,3438,no
18,29280230512,B B M P H P S MARAPPANAPALYA,"BBMP HPS,MARAPPANAPALYA,YESHVANTHPURA ,BANGALORE-22",13.01789,77.54883,Railway Station/Ambedkar Nagar,Majestic,North,3577,no
18,29280230512,B B M P H P S MARAPPANAPALYA,"BBMP HPS,MARAPPANAPALYA,YESHVANTHPURA ,BANGALORE-22",13.01789,77.54883,Anjaneya block,Majestic,North,3700,no
18,29280230512,B B M P H P S MARAPPANAPALYA,"BBMP HPS,MARAPPANAPALYA,YESHVANTHPURA ,BANGALORE-22",13.01789,77.54883,RKS,Majestic,North,3703,no
18,29280230512,B B M P H P S MARAPPANAPALYA,"BBMP HPS,MARAPPANAPALYA,YESHVANTHPURA ,BANGALORE-22",13.01789,77.54883,Vivekananda block,Majestic,North,3717,no
18,29280230512,B B M P H P S MARAPPANAPALYA,"BBMP HPS,MARAPPANAPALYA,YESHVANTHPURA ,BANGALORE-22",13.01789,77.54883,Gawtham Nagar,Majestic,North,3771,no
18,29280230512,B B M P H P S MARAPPANAPALYA,"BBMP HPS,MARAPPANAPALYA,YESHVANTHPURA ,BANGALORE-22",13.01789,77.54883,Ambi Circle Water Tank Park,Peenya North,North,3792,no
18,29280230512,B B M P H P S MARAPPANAPALYA,"BBMP HPS,MARAPPANAPALYA,YESHVANTHPURA ,BANGALORE-22",13.01789,77.54883,Swathanthra Nagar,Majestic,North,3798,no
18,29280230512,B B M P H P S MARAPPANAPALYA,"BBMP HPS,MARAPPANAPALYA,YESHVANTHPURA ,BANGALORE-22",13.01789,77.54883,Srirampura,Majestic,North,3828,no
18,29280230512,B B M P H P S MARAPPANAPALYA,"BBMP HPS,MARAPPANAPALYA,YESHVANTHPURA ,BANGALORE-22",13.01789,77.54883,Kasturi Nagar,Majestic,North,3828,no
18,29280230512,B B M P H P S MARAPPANAPALYA,"BBMP HPS,MARAPPANAPALYA,YESHVANTHPURA ,BANGALORE-22",13.01789,77.54883,Near Ambi circle,Peenya North,North,3851,no
18,29280230512,B B M P H P S MARAPPANAPALYA,"BBMP HPS,MARAPPANAPALYA,YESHVANTHPURA ,BANGALORE-22",13.01789,77.54883,Jalageramma Temple,Sanjaynagar,North,3856,no
18,29280230512,B B M P H P S MARAPPANAPALYA,"BBMP HPS,MARAPPANAPALYA,YESHVANTHPURA ,BANGALORE-22",13.01789,77.54883,Sathi circle,Peenya North,North,3867,no
18,29280230512,B B M P H P S MARAPPANAPALYA,"BBMP HPS,MARAPPANAPALYA,YESHVANTHPURA ,BANGALORE-22",13.01789,77.54883,Siddarthanagar,Peenya - West,West,3868,no
19,29280503814,BBMP GIRLS HS SRIRAMPURA,Srirapuram behind Devaiah park Bus stop Bangalore,12.998165,77.564721,Valluvarpurm,Majestic,North,652,yes
19,29280503814,BBMP GIRLS HS SRIRAMPURA,Srirapuram behind Devaiah park Bus stop Bangalore,12.998165,77.564721,Dayananda Nagar,Majestic,North,814,no
19,29280503814,BBMP GIRLS HS SRIRAMPURA,Srirapuram behind Devaiah park Bus stop Bangalore,12.998165,77.564721,Railway Station/Ambedkar Nagar,Majestic,North,824,no
19,29280503814,BBMP GIRLS HS SRIRAMPURA,Srirapuram behind Devaiah park Bus stop Bangalore,12.998165,77.564721,RKS,Majestic,North,965,no
19,29280503814,BBMP GIRLS HS SRIRAMPURA,Srirapuram behind Devaiah park Bus stop Bangalore,12.998165,77.564721,Swathanthra Nagar,Majestic,North,1023,no
19,29280503814,BBMP GIRLS HS SRIRAMPURA,Srirapuram behind Devaiah park Bus stop Bangalore,12.998165,77.564721,Gawtham Nagar,Majestic,North,1050,no
19,29280503814,BBMP GIRLS HS SRIRAMPURA,Srirapuram behind Devaiah park Bus stop Bangalore,12.998165,77.564721,Srirampura,Majestic,North,1071,no
19,29280503814,BBMP GIRLS HS SRIRAMPURA,Srirapuram behind Devaiah park Bus stop Bangalore,12.998165,77.564721,Kasturi Nagar,Majestic,North,1121,no
19,29280503814,BBMP GIRLS HS SRIRAMPURA,Srirapuram behind Devaiah park Bus stop Bangalore,12.998165,77.564721,Vivekananda block,Majestic,North,1203,no
19,29280503814,BBMP GIRLS HS SRIRAMPURA,Srirapuram behind Devaiah park Bus stop Bangalore,12.998165,77.564721,Anjaneya block,Majestic,North,1214,no
19,29280503814,BBMP GIRLS HS SRIRAMPURA,Srirapuram behind Devaiah park Bus stop Bangalore,12.998165,77.564721,Hanumanthapura,Majestic,North,1245,no
19,29280503814,BBMP GIRLS HS SRIRAMPURA,Srirapuram behind Devaiah park Bus stop Bangalore,12.998165,77.564721,Vivekananda Nagar,Majestic,North,1448,no
19,29280503814,BBMP GIRLS HS SRIRAMPURA,Srirapuram behind Devaiah park Bus stop Bangalore,12.998165,77.564721,Hanumanthappa Colony,Majestic,North,1616,no
19,29280503814,BBMP GIRLS HS SRIRAMPURA,Srirapuram behind Devaiah park Bus stop Bangalore,12.998165,77.564721,Okalipuram,Majestic,North,1631,no
19,29280503814,BBMP GIRLS HS SRIRAMPURA,Srirapuram behind Devaiah park Bus stop Bangalore,12.998165,77.564721,Rasaldhar Street,Majestic,North,1635,no
19,29280503814,BBMP GIRLS HS SRIRAMPURA,Srirapuram behind Devaiah park Bus stop Bangalore,12.998165,77.564721,Ambedkar Nagar-97,Majestic,North,1757,no
19,29280503814,BBMP GIRLS HS SRIRAMPURA,Srirapuram behind Devaiah park Bus stop Bangalore,12.998165,77.564721,VV Giri colony,Majestic,North,1833,no
19,29280503814,BBMP GIRLS HS SRIRAMPURA,Srirapuram behind Devaiah park Bus stop Bangalore,12.998165,77.564721,JCW Nagar,Majestic,North,1874,no
19,29280503814,BBMP GIRLS HS SRIRAMPURA,Srirapuram behind Devaiah park Bus stop Bangalore,12.998165,77.564721,Bheemshakthi Slum,Yeshwantpur,West,1885,no
19,29280503814,BBMP GIRLS HS SRIRAMPURA,Srirapuram behind Devaiah park Bus stop Bangalore,12.998165,77.564721,Lakshmanapuri,Majestic,North,1965,no
19,29280503814,BBMP GIRLS HS SRIRAMPURA,Srirapuram behind Devaiah park Bus stop Bangalore,12.998165,77.564721,Minerva Mill,Majestic,North,2337,no
19,29280503814,BBMP GIRLS HS SRIRAMPURA,Srirapuram behind Devaiah park Bus stop Bangalore,12.998165,77.564721,Gopalpura,Majestic,North,2426,no
19,29280503814,BBMP GIRLS HS SRIRAMPURA,Srirapuram behind Devaiah park Bus stop Bangalore,12.998165,77.564721,Sharif Nagar,Yeshwantpur,West,2545,no
19,29280503814,BBMP GIRLS HS SRIRAMPURA,Srirapuram behind Devaiah park Bus stop Bangalore,12.998165,77.564721,VST colony,Majestic,North,2622,no
19,29280503814,BBMP GIRLS HS SRIRAMPURA,Srirapuram behind Devaiah park Bus stop Bangalore,12.998165,77.564721,Ashwath Nagar,JJR Nagar,Central,2689,no
19,29280503814,BBMP GIRLS HS SRIRAMPURA,Srirapuram behind Devaiah park Bus stop Bangalore,12.998165,77.564721,Vinayaka Slum,Peenya - West,West,2696,no
19,29280503814,BBMP GIRLS HS SRIRAMPURA,Srirapuram behind Devaiah park Bus stop Bangalore,12.998165,77.564721,Himalaya Huts,Majestic,North,2710,no
19,29280503814,BBMP GIRLS HS SRIRAMPURA,Srirapuram behind Devaiah park Bus stop Bangalore,12.998165,77.564721,Vinny Colony,JJR Nagar,Central,2747,no
19,29280503814,BBMP GIRLS HS SRIRAMPURA,Srirapuram behind Devaiah park Bus stop Bangalore,12.998165,77.564721,Keshava Nagar,JJR Nagar,Central,2850,no
19,29280503814,BBMP GIRLS HS SRIRAMPURA,Srirapuram behind Devaiah park Bus stop Bangalore,12.998165,77.564721,Nagamma Nagar,JJR Nagar,Central,3387,no
19,29280503814,BBMP GIRLS HS SRIRAMPURA,Srirapuram behind Devaiah park Bus stop Bangalore,12.998165,77.564721,Handigudisalu,Majestic,North,3460,no
19,29280503814,BBMP GIRLS HS SRIRAMPURA,Srirapuram behind Devaiah park Bus stop Bangalore,12.998165,77.564721,Bhakshi Garden I & II,KR Market,Central,3505,no
19,29280503814,BBMP GIRLS HS SRIRAMPURA,Srirapuram behind Devaiah park Bus stop Bangalore,12.998165,77.564721,Saw Mill Lane,KR Market,Central,3514,no
19,29280503814,BBMP GIRLS HS SRIRAMPURA,Srirapuram behind Devaiah park Bus stop Bangalore,12.998165,77.564721,IPD Salappa Layout,Rayapuram,Central,3517,no
19,29280503814,BBMP GIRLS HS SRIRAMPURA,Srirapuram behind Devaiah park Bus stop Bangalore,12.998165,77.564721,Bhangi Colony,KR Market,Central,3542,no
19,29280503814,BBMP GIRLS HS SRIRAMPURA,Srirapuram behind Devaiah park Bus stop Bangalore,12.998165,77.564721,Sidhartha Nagar,KR Market,Central,3562,no
19,29280503814,BBMP GIRLS HS SRIRAMPURA,Srirapuram behind Devaiah park Bus stop Bangalore,12.998165,77.564721,VS Garden,Rayapuram,Central,3604,no
19,29280503814,BBMP GIRLS HS SRIRAMPURA,Srirapuram behind Devaiah park Bus stop Bangalore,12.998165,77.564721,Cheluvadipalya,KR Market,Central,3609,no
19,29280503814,BBMP GIRLS HS SRIRAMPURA,Srirapuram behind Devaiah park Bus stop Bangalore,12.998165,77.564721,Harikunte,Rayapuram,Central,3647,no
19,29280503814,BBMP GIRLS HS SRIRAMPURA,Srirapuram behind Devaiah park Bus stop Bangalore,12.998165,77.564721,Velmurugapuram,KR Market,Central,3652,no
19,29280503814,BBMP GIRLS HS SRIRAMPURA,Srirapuram behind Devaiah park Bus stop Bangalore,12.998165,77.564721,Anjanappa Garden I & II,KR Market,Central,3676,no
19,29280503814,BBMP GIRLS HS SRIRAMPURA,Srirapuram behind Devaiah park Bus stop Bangalore,12.998165,77.564721,Jolly Mohalla,KR Market,Central,3711,no
19,29280503814,BBMP GIRLS HS SRIRAMPURA,Srirapuram behind Devaiah park Bus stop Bangalore,12.998165,77.564721,Old Pension Mohalla,KR Market,Central,3727,no
19,29280503814,BBMP GIRLS HS SRIRAMPURA,Srirapuram behind Devaiah park Bus stop Bangalore,12.998165,77.564721,JJR Nagar North,Rayapuram,Central,3751,no
19,29280503814,BBMP GIRLS HS SRIRAMPURA,Srirapuram behind Devaiah park Bus stop Bangalore,12.998165,77.564721,Thimmenahalli,Nagarbhavi,Central,3789,no
19,29280503814,BBMP GIRLS HS SRIRAMPURA,Srirapuram behind Devaiah park Bus stop Bangalore,12.998165,77.564721,Giripuram,KR Market,Central,3833,no
19,29280503814,BBMP GIRLS HS SRIRAMPURA,Srirapuram behind Devaiah park Bus stop Bangalore,12.998165,77.564721,Sanjay Gandhi Nagar,Peenya - West,West,3915,no
19,29280503814,BBMP GIRLS HS SRIRAMPURA,Srirapuram behind Devaiah park Bus stop Bangalore,12.998165,77.564721,Corporation Colony,Nagarbhavi,Central,3923,no
19,29280503814,BBMP GIRLS HS SRIRAMPURA,Srirapuram behind Devaiah park Bus stop Bangalore,12.998165,77.564721,Anandapuram I & II,KR Market,Central,3961,no
19,29280503814,BBMP GIRLS HS SRIRAMPURA,Srirapuram behind Devaiah park Bus stop Bangalore,12.998165,77.564721,JJR Nagar South,Rayapuram,Central,3964,no
19,29280503814,BBMP GIRLS HS SRIRAMPURA,Srirapuram behind Devaiah park Bus stop Bangalore,12.998165,77.564721,7th & 8th Mn Rd Padarayanapura,JJR Nagar,Central,3970,no
19,29280503814,BBMP GIRLS HS SRIRAMPURA,Srirapuram behind Devaiah park Bus stop Bangalore,12.998165,77.564721,Anjaneya Temple,KR Market,Central,3992,no
19,29280503814,BBMP GIRLS HS SRIRAMPURA,Srirapuram behind Devaiah park Bus stop Bangalore,12.998165,77.564721,Adimoola Compound,KR Market,Central,3992,no
20,29280502522,CORPORATION GIRLS PU COLLEGE SRIRAMPURA,15 khalipalya BHAKTHARALl post doddaballapura tq Bangalore rural district 51204,12.998183,77.564717,Valluvarpurm,Majestic,North,654,yes
20,29280502522,CORPORATION GIRLS PU COLLEGE SRIRAMPURA,15 khalipalya BHAKTHARALl post doddaballapura tq Bangalore rural district 51204,12.998183,77.564717,Dayananda Nagar,Majestic,North,816,no
20,29280502522,CORPORATION GIRLS PU COLLEGE SRIRAMPURA,15 khalipalya BHAKTHARALl post doddaballapura tq Bangalore rural district 51204,12.998183,77.564717,Railway Station/Ambedkar Nagar,Majestic,North,826,no
20,29280502522,CORPORATION GIRLS PU COLLEGE SRIRAMPURA,15 khalipalya BHAKTHARALl post doddaballapura tq Bangalore rural district 51204,12.998183,77.564717,RKS,Majestic,North,967,no
20,29280502522,CORPORATION GIRLS PU COLLEGE SRIRAMPURA,15 khalipalya BHAKTHARALl post doddaballapura tq Bangalore rural district 51204,12.998183,77.564717,Swathanthra Nagar,Majestic,North,1025,no
20,29280502522,CORPORATION GIRLS PU COLLEGE SRIRAMPURA,15 khalipalya BHAKTHARALl post doddaballapura tq Bangalore rural district 51204,12.998183,77.564717,Gawtham Nagar,Majestic,North,1052,no
20,29280502522,CORPORATION GIRLS PU COLLEGE SRIRAMPURA,15 khalipalya BHAKTHARALl post doddaballapura tq Bangalore rural district 51204,12.998183,77.564717,Srirampura,Majestic,North,1073,no
20,29280502522,CORPORATION GIRLS PU COLLEGE SRIRAMPURA,15 khalipalya BHAKTHARALl post doddaballapura tq Bangalore rural district 51204,12.998183,77.564717,Kasturi Nagar,Majestic,North,1123,no
20,29280502522,CORPORATION GIRLS PU COLLEGE SRIRAMPURA,15 khalipalya BHAKTHARALl post doddaballapura tq Bangalore rural district 51204,12.998183,77.564717,Vivekananda block,Majestic,North,1204,no
20,29280502522,CORPORATION GIRLS PU COLLEGE SRIRAMPURA,15 khalipalya BHAKTHARALl post doddaballapura tq Bangalore rural district 51204,12.998183,77.564717,Anjaneya block,Majestic,North,1214,no
20,29280502522,CORPORATION GIRLS PU COLLEGE SRIRAMPURA,15 khalipalya BHAKTHARALl post doddaballapura tq Bangalore rural district 51204,12.998183,77.564717,Hanumanthapura,Majestic,North,1247,no
20,29280502522,CORPORATION GIRLS PU COLLEGE SRIRAMPURA,15 khalipalya BHAKTHARALl post doddaballapura tq Bangalore rural district 51204,12.998183,77.564717,Vivekananda Nagar,Majestic,North,1450,no
20,29280502522,CORPORATION GIRLS PU COLLEGE SRIRAMPURA,15 khalipalya BHAKTHARALl post doddaballapura tq Bangalore rural district 51204,12.998183,77.564717,Hanumanthappa Colony,Majestic,North,1618,no
20,29280502522,CORPORATION GIRLS PU COLLEGE SRIRAMPURA,15 khalipalya BHAKTHARALl post doddaballapura tq Bangalore rural district 51204,12.998183,77.564717,Okalipuram,Majestic,North,1633,no
20,29280502522,CORPORATION GIRLS PU COLLEGE SRIRAMPURA,15 khalipalya BHAKTHARALl post doddaballapura tq Bangalore rural district 51204,12.998183,77.564717,Rasaldhar Street,Majestic,North,1637,no
20,29280502522,CORPORATION GIRLS PU COLLEGE SRIRAMPURA,15 khalipalya BHAKTHARALl post doddaballapura tq Bangalore rural district 51204,12.998183,77.564717,Ambedkar Nagar-97,Majestic,North,1759,no
20,29280502522,CORPORATION GIRLS PU COLLEGE SRIRAMPURA,15 khalipalya BHAKTHARALl post doddaballapura tq Bangalore rural district 51204,12.998183,77.564717,VV Giri colony,Majestic,North,1835,no
20,29280502522,CORPORATION GIRLS PU COLLEGE SRIRAMPURA,15 khalipalya BHAKTHARALl post doddaballapura tq Bangalore rural district 51204,12.998183,77.564717,JCW Nagar,Majestic,North,1876,no
20,29280502522,CORPORATION GIRLS PU COLLEGE SRIRAMPURA,15 khalipalya BHAKTHARALl post doddaballapura tq Bangalore rural district 51204,12.998183,77.564717,Bheemshakthi Slum,Yeshwantpur,West,1884,no
20,29280502522,CORPORATION GIRLS PU COLLEGE SRIRAMPURA,15 khalipalya BHAKTHARALl post doddaballapura tq Bangalore rural district 51204,12.998183,77.564717,Lakshmanapuri,Majestic,North,1967,no
20,29280502522,CORPORATION GIRLS PU COLLEGE SRIRAMPURA,15 khalipalya BHAKTHARALl post doddaballapura tq Bangalore rural district 51204,12.998183,77.564717,Minerva Mill,Majestic,North,2339,no
20,29280502522,CORPORATION GIRLS PU COLLEGE SRIRAMPURA,15 khalipalya BHAKTHARALl post doddaballapura tq Bangalore rural district 51204,12.998183,77.564717,Gopalpura,Majestic,North,2428,no
20,29280502522,CORPORATION GIRLS PU COLLEGE SRIRAMPURA,15 khalipalya BHAKTHARALl post doddaballapura tq Bangalore rural district 51204,12.998183,77.564717,Sharif Nagar,Yeshwantpur,West,2543,no
20,29280502522,CORPORATION GIRLS PU COLLEGE SRIRAMPURA,15 khalipalya BHAKTHARALl post doddaballapura tq Bangalore rural district 51204,12.998183,77.564717,VST colony,Majestic,North,2624,no
20,29280502522,CORPORATION GIRLS PU COLLEGE SRIRAMPURA,15 khalipalya BHAKTHARALl post doddaballapura tq Bangalore rural district 51204,12.998183,77.564717,Ashwath Nagar,JJR Nagar,Central,2691,no
20,29280502522,CORPORATION GIRLS PU COLLEGE SRIRAMPURA,15 khalipalya BHAKTHARALl post doddaballapura tq Bangalore rural district 51204,12.998183,77.564717,Vinayaka Slum,Peenya - West,West,2694,no
20,29280502522,CORPORATION GIRLS PU COLLEGE SRIRAMPURA,15 khalipalya BHAKTHARALl post doddaballapura tq Bangalore rural district 51204,12.998183,77.564717,Himalaya Huts,Majestic,North,2712,no
20,29280502522,CORPORATION GIRLS PU COLLEGE SRIRAMPURA,15 khalipalya BHAKTHARALl post doddaballapura tq Bangalore rural district 51204,12.998183,77.564717,Vinny Colony,JJR Nagar,Central,2749,no
20,29280502522,CORPORATION GIRLS PU COLLEGE SRIRAMPURA,15 khalipalya BHAKTHARALl post doddaballapura tq Bangalore rural district 51204,12.998183,77.564717,Keshava Nagar,JJR Nagar,Central,2852,no
20,29280502522,CORPORATION GIRLS PU COLLEGE SRIRAMPURA,15 khalipalya BHAKTHARALl post doddaballapura tq Bangalore rural district 51204,12.998183,77.564717,Nagamma Nagar,JJR Nagar,Central,3388,no
20,29280502522,CORPORATION GIRLS PU COLLEGE SRIRAMPURA,15 khalipalya BHAKTHARALl post doddaballapura tq Bangalore rural district 51204,12.998183,77.564717,Handigudisalu,Majestic,North,3462,no
20,29280502522,CORPORATION GIRLS PU COLLEGE SRIRAMPURA,15 khalipalya BHAKTHARALl post doddaballapura tq Bangalore rural district 51204,12.998183,77.564717,Bhakshi Garden I & II,KR Market,Central,3507,no
20,29280502522,CORPORATION GIRLS PU COLLEGE SRIRAMPURA,15 khalipalya BHAKTHARALl post doddaballapura tq Bangalore rural district 51204,12.998183,77.564717,Saw Mill Lane,KR Market,Central,3516,no
20,29280502522,CORPORATION GIRLS PU COLLEGE SRIRAMPURA,15 khalipalya BHAKTHARALl post doddaballapura tq Bangalore rural district 51204,12.998183,77.564717,IPD Salappa Layout,Rayapuram,Central,3518,no
20,29280502522,CORPORATION GIRLS PU COLLEGE SRIRAMPURA,15 khalipalya BHAKTHARALl post doddaballapura tq Bangalore rural district 51204,12.998183,77.564717,Bhangi Colony,KR Market,Central,3544,no
20,29280502522,CORPORATION GIRLS PU COLLEGE SRIRAMPURA,15 khalipalya BHAKTHARALl post doddaballapura tq Bangalore rural district 51204,12.998183,77.564717,Sidhartha Nagar,KR Market,Central,3564,no
20,29280502522,CORPORATION GIRLS PU COLLEGE SRIRAMPURA,15 khalipalya BHAKTHARALl post doddaballapura tq Bangalore rural district 51204,12.998183,77.564717,VS Garden,Rayapuram,Central,3606,no
20,29280502522,CORPORATION GIRLS PU COLLEGE SRIRAMPURA,15 khalipalya BHAKTHARALl post doddaballapura tq Bangalore rural district 51204,12.998183,77.564717,Cheluvadipalya,KR Market,Central,3611,no
20,29280502522,CORPORATION GIRLS PU COLLEGE SRIRAMPURA,15 khalipalya BHAKTHARALl post doddaballapura tq Bangalore rural district 51204,12.998183,77.564717,Harikunte,Rayapuram,Central,3648,no
20,29280502522,CORPORATION GIRLS PU COLLEGE SRIRAMPURA,15 khalipalya BHAKTHARALl post doddaballapura tq Bangalore rural district 51204,12.998183,77.564717,Velmurugapuram,KR Market,Central,3654,no
20,29280502522,CORPORATION GIRLS PU COLLEGE SRIRAMPURA,15 khalipalya BHAKTHARALl post doddaballapura tq Bangalore rural district 51204,12.998183,77.564717,Anjanappa Garden I & II,KR Market,Central,3678,no
20,29280502522,CORPORATION GIRLS PU COLLEGE SRIRAMPURA,15 khalipalya BHAKTHARALl post doddaballapura tq Bangalore rural district 51204,12.998183,77.564717,Jolly Mohalla,KR Market,Central,3713,no
20,29280502522,CORPORATION GIRLS PU COLLEGE SRIRAMPURA,15 khalipalya BHAKTHARALl post doddaballapura tq Bangalore rural district 51204,12.998183,77.564717,Old Pension Mohalla,KR Market,Central,3729,no
20,29280502522,CORPORATION GIRLS PU COLLEGE SRIRAMPURA,15 khalipalya BHAKTHARALl post doddaballapura tq Bangalore rural district 51204,12.998183,77.564717,JJR Nagar North,Rayapuram,Central,3753,no
20,29280502522,CORPORATION GIRLS PU COLLEGE SRIRAMPURA,15 khalipalya BHAKTHARALl post doddaballapura tq Bangalore rural district 51204,12.998183,77.564717,Thimmenahalli,Nagarbhavi,Central,3790,no
20,29280502522,CORPORATION GIRLS PU COLLEGE SRIRAMPURA,15 khalipalya BHAKTHARALl post doddaballapura tq Bangalore rural district 51204,12.998183,77.564717,Giripuram,KR Market,Central,3835,no
20,29280502522,CORPORATION GIRLS PU COLLEGE SRIRAMPURA,15 khalipalya BHAKTHARALl post doddaballapura tq Bangalore rural district 51204,12.998183,77.564717,Sanjay Gandhi Nagar,Peenya - West,West,3913,no
20,29280502522,CORPORATION GIRLS PU COLLEGE SRIRAMPURA,15 khalipalya BHAKTHARALl post doddaballapura tq Bangalore rural district 51204,12.998183,77.564717,Corporation Colony,Nagarbhavi,Central,3924,no
20,29280502522,CORPORATION GIRLS PU COLLEGE SRIRAMPURA,15 khalipalya BHAKTHARALl post doddaballapura tq Bangalore rural district 51204,12.998183,77.564717,Anandapuram I & II,KR Market,Central,3963,no
20,29280502522,CORPORATION GIRLS PU COLLEGE SRIRAMPURA,15 khalipalya BHAKTHARALl post doddaballapura tq Bangalore rural district 51204,12.998183,77.564717,JJR Nagar South,Rayapuram,Central,3966,no
20,29280502522,CORPORATION GIRLS PU COLLEGE SRIRAMPURA,15 khalipalya BHAKTHARALl post doddaballapura tq Bangalore rural district 51204,12.998183,77.564717,7th & 8th Mn Rd Padarayanapura,JJR Nagar,Central,3971,no
20,29280502522,CORPORATION GIRLS PU COLLEGE SRIRAMPURA,15 khalipalya BHAKTHARALl post doddaballapura tq Bangalore rural district 51204,12.998183,77.564717,Anjaneya Temple,KR Market,Central,3994,no
20,29280502522,CORPORATION GIRLS PU COLLEGE SRIRAMPURA,15 khalipalya BHAKTHARALl post doddaballapura tq Bangalore rural district 51204,12.998183,77.564717,Adimoola Compound,KR Market,Central,3994,no
21,29280502808,BBMP HPS KODANDARAMAPURA,"Vyalikaval, Kodandarampura, Malleshwaram West",13.002862,77.572308,Anjaneya block,Majestic,North,702,yes
21,29280502808,BBMP HPS KODANDARAMAPURA,"Vyalikaval, Kodandarampura, Malleshwaram West",13.002862,77.572308,Vivekananda block,Majestic,North,733,no
21,29280502808,BBMP HPS KODANDARAMAPURA,"Vyalikaval, Kodandarampura, Malleshwaram West",13.002862,77.572308,Valluvarpurm,Majestic,North,1053,no
21,29280502808,BBMP HPS KODANDARAMAPURA,"Vyalikaval, Kodandarampura, Malleshwaram West",13.002862,77.572308,Railway Station/Ambedkar Nagar,Majestic,North,1414,no
21,29280502808,BBMP HPS KODANDARAMAPURA,"Vyalikaval, Kodandarampura, Malleshwaram West",13.002862,77.572308,Swathanthra Nagar,Majestic,North,1474,no
21,29280502808,BBMP HPS KODANDARAMAPURA,"Vyalikaval, Kodandarampura, Malleshwaram West",13.002862,77.572308,RKS,Majestic,North,1548,no
21,29280502808,BBMP HPS KODANDARAMAPURA,"Vyalikaval, Kodandarampura, Malleshwaram West",13.002862,77.572308,Srirampura,Majestic,North,1576,no
21,29280502808,BBMP HPS KODANDARAMAPURA,"Vyalikaval, Kodandarampura, Malleshwaram West",13.002862,77.572308,Gawtham Nagar,Majestic,North,1643,no
21,29280502808,BBMP HPS KODANDARAMAPURA,"Vyalikaval, Kodandarampura, Malleshwaram West",13.002862,77.572308,Dayananda Nagar,Majestic,North,1643,no
21,29280502808,BBMP HPS KODANDARAMAPURA,"Vyalikaval, Kodandarampura, Malleshwaram West",13.002862,77.572308,Hanumanthapura,Majestic,North,1711,no
21,29280502808,BBMP HPS KODANDARAMAPURA,"Vyalikaval, Kodandarampura, Malleshwaram West",13.002862,77.572308,Kasturi Nagar,Majestic,North,1721,no
21,29280502808,BBMP HPS KODANDARAMAPURA,"Vyalikaval, Kodandarampura, Malleshwaram West",13.002862,77.572308,Rasaldhar Street,Majestic,North,1898,no
21,29280502808,BBMP HPS KODANDARAMAPURA,"Vyalikaval, Kodandarampura, Malleshwaram West",13.002862,77.572308,Vivekananda Nagar,Majestic,North,1921,no
21,29280502808,BBMP HPS KODANDARAMAPURA,"Vyalikaval, Kodandarampura, Malleshwaram West",13.002862,77.572308,Hanumanthappa Colony,Majestic,North,1966,no
21,29280502808,BBMP HPS KODANDARAMAPURA,"Vyalikaval, Kodandarampura, Malleshwaram West",13.002862,77.572308,VV Giri colony,Majestic,North,2054,no
21,29280502808,BBMP HPS KODANDARAMAPURA,"Vyalikaval, Kodandarampura, Malleshwaram West",13.002862,77.572308,JCW Nagar,Majestic,North,2143,no
21,29280502808,BBMP HPS KODANDARAMAPURA,"Vyalikaval, Kodandarampura, Malleshwaram West",13.002862,77.572308,Ambedkar Nagar-97,Majestic,North,2179,no
21,29280502808,BBMP HPS KODANDARAMAPURA,"Vyalikaval, Kodandarampura, Malleshwaram West",13.002862,77.572308,Okalipuram,Majestic,North,2184,no
21,29280502808,BBMP HPS KODANDARAMAPURA,"Vyalikaval, Kodandarampura, Malleshwaram West",13.002862,77.572308,Lakshmanapuri,Majestic,North,2325,no
21,29280502808,BBMP HPS KODANDARAMAPURA,"Vyalikaval, Kodandarampura, Malleshwaram West",13.002862,77.572308,Bheemshakthi Slum,Yeshwantpur,West,2456,no
21,29280502808,BBMP HPS KODANDARAMAPURA,"Vyalikaval, Kodandarampura, Malleshwaram West",13.002862,77.572308,Sharif Nagar,Yeshwantpur,West,2613,no
21,29280502808,BBMP HPS KODANDARAMAPURA,"Vyalikaval, Kodandarampura, Malleshwaram West",13.002862,77.572308,Vinayaka Slum,Peenya - West,West,2629,no
21,29280502808,BBMP HPS KODANDARAMAPURA,"Vyalikaval, Kodandarampura, Malleshwaram West",13.002862,77.572308,Himalaya Huts,Majestic,North,2959,no
21,29280502808,BBMP HPS KODANDARAMAPURA,"Vyalikaval, Kodandarampura, Malleshwaram West",13.002862,77.572308,Minerva Mill,Majestic,North,2992,no
21,29280502808,BBMP HPS KODANDARAMAPURA,"Vyalikaval, Kodandarampura, Malleshwaram West",13.002862,77.572308,Gopalpura,Majestic,North,3152,no
21,29280502808,BBMP HPS KODANDARAMAPURA,"Vyalikaval, Kodandarampura, Malleshwaram West",13.002862,77.572308,VST colony,Majestic,North,3204,no
21,29280502808,BBMP HPS KODANDARAMAPURA,"Vyalikaval, Kodandarampura, Malleshwaram West",13.002862,77.572308,Ashwath Nagar,JJR Nagar,Central,3363,no
21,29280502808,BBMP HPS KODANDARAMAPURA,"Vyalikaval, Kodandarampura, Malleshwaram West",13.002862,77.572308,Vinny Colony,JJR Nagar,Central,3418,no
21,29280502808,BBMP HPS KODANDARAMAPURA,"Vyalikaval, Kodandarampura, Malleshwaram West",13.002862,77.572308,Keshava Nagar,JJR Nagar,Central,3522,no
21,29280502808,BBMP HPS KODANDARAMAPURA,"Vyalikaval, Kodandarampura, Malleshwaram West",13.002862,77.572308,Sanjay Gandhi Nagar,Peenya - West,West,3987,no
22,29280502804,BBMP HS KODANDARAMAPURA,BBMP HIGH SCHOOL KODANDARAMAPURA MALLESHWARAM BANGALORE 560003KODANDARAMPURA,13.002862,77.572308,Anjaneya block,Majestic,North,702,yes
22,29280502804,BBMP HS KODANDARAMAPURA,BBMP HIGH SCHOOL KODANDARAMAPURA MALLESHWARAM BANGALORE 560003KODANDARAMPURA,13.002862,77.572308,Vivekananda block,Majestic,North,733,no
22,29280502804,BBMP HS KODANDARAMAPURA,BBMP HIGH SCHOOL KODANDARAMAPURA MALLESHWARAM BANGALORE 560003KODANDARAMPURA,13.002862,77.572308,Valluvarpurm,Majestic,North,1053,no
22,29280502804,BBMP HS KODANDARAMAPURA,BBMP HIGH SCHOOL KODANDARAMAPURA MALLESHWARAM BANGALORE 560003KODANDARAMPURA,13.002862,77.572308,Railway Station/Ambedkar Nagar,Majestic,North,1414,no
22,29280502804,BBMP HS KODANDARAMAPURA,BBMP HIGH SCHOOL KODANDARAMAPURA MALLESHWARAM BANGALORE 560003KODANDARAMPURA,13.002862,77.572308,Swathanthra Nagar,Majestic,North,1474,no
22,29280502804,BBMP HS KODANDARAMAPURA,BBMP HIGH SCHOOL KODANDARAMAPURA MALLESHWARAM BANGALORE 560003KODANDARAMPURA,13.002862,77.572308,RKS,Majestic,North,1548,no
22,29280502804,BBMP HS KODANDARAMAPURA,BBMP HIGH SCHOOL KODANDARAMAPURA MALLESHWARAM BANGALORE 560003KODANDARAMPURA,13.002862,77.572308,Srirampura,Majestic,North,1576,no
22,29280502804,BBMP HS KODANDARAMAPURA,BBMP HIGH SCHOOL KODANDARAMAPURA MALLESHWARAM BANGALORE 560003KODANDARAMPURA,13.002862,77.572308,Gawtham Nagar,Majestic,North,1643,no
22,29280502804,BBMP HS KODANDARAMAPURA,BBMP HIGH SCHOOL KODANDARAMAPURA MALLESHWARAM BANGALORE 560003KODANDARAMPURA,13.002862,77.572308,Dayananda Nagar,Majestic,North,1643,no
22,29280502804,BBMP HS KODANDARAMAPURA,BBMP HIGH SCHOOL KODANDARAMAPURA MALLESHWARAM BANGALORE 560003KODANDARAMPURA,13.002862,77.572308,Hanumanthapura,Majestic,North,1711,no
22,29280502804,BBMP HS KODANDARAMAPURA,BBMP HIGH SCHOOL KODANDARAMAPURA MALLESHWARAM BANGALORE 560003KODANDARAMPURA,13.002862,77.572308,Kasturi Nagar,Majestic,North,1721,no
22,29280502804,BBMP HS KODANDARAMAPURA,BBMP HIGH SCHOOL KODANDARAMAPURA MALLESHWARAM BANGALORE 560003KODANDARAMPURA,13.002862,77.572308,Rasaldhar Street,Majestic,North,1898,no
22,29280502804,BBMP HS KODANDARAMAPURA,BBMP HIGH SCHOOL KODANDARAMAPURA MALLESHWARAM BANGALORE 560003KODANDARAMPURA,13.002862,77.572308,Vivekananda Nagar,Majestic,North,1921,no
22,29280502804,BBMP HS KODANDARAMAPURA,BBMP HIGH SCHOOL KODANDARAMAPURA MALLESHWARAM BANGALORE 560003KODANDARAMPURA,13.002862,77.572308,Hanumanthappa Colony,Majestic,North,1966,no
22,29280502804,BBMP HS KODANDARAMAPURA,BBMP HIGH SCHOOL KODANDARAMAPURA MALLESHWARAM BANGALORE 560003KODANDARAMPURA,13.002862,77.572308,VV Giri colony,Majestic,North,2054,no
22,29280502804,BBMP HS KODANDARAMAPURA,BBMP HIGH SCHOOL KODANDARAMAPURA MALLESHWARAM BANGALORE 560003KODANDARAMPURA,13.002862,77.572308,JCW Nagar,Majestic,North,2143,no
22,29280502804,BBMP HS KODANDARAMAPURA,BBMP HIGH SCHOOL KODANDARAMAPURA MALLESHWARAM BANGALORE 560003KODANDARAMPURA,13.002862,77.572308,Ambedkar Nagar-97,Majestic,North,2179,no
22,29280502804,BBMP HS KODANDARAMAPURA,BBMP HIGH SCHOOL KODANDARAMAPURA MALLESHWARAM BANGALORE 560003KODANDARAMPURA,13.002862,77.572308,Okalipuram,Majestic,North,2184,no
22,29280502804,BBMP HS KODANDARAMAPURA,BBMP HIGH SCHOOL KODANDARAMAPURA MALLESHWARAM BANGALORE 560003KODANDARAMPURA,13.002862,77.572308,Lakshmanapuri,Majestic,North,2325,no
22,29280502804,BBMP HS KODANDARAMAPURA,BBMP HIGH SCHOOL KODANDARAMAPURA MALLESHWARAM BANGALORE 560003KODANDARAMPURA,13.002862,77.572308,Bheemshakthi Slum,Yeshwantpur,West,2456,no
22,29280502804,BBMP HS KODANDARAMAPURA,BBMP HIGH SCHOOL KODANDARAMAPURA MALLESHWARAM BANGALORE 560003KODANDARAMPURA,13.002862,77.572308,Sharif Nagar,Yeshwantpur,West,2613,no
22,29280502804,BBMP HS KODANDARAMAPURA,BBMP HIGH SCHOOL KODANDARAMAPURA MALLESHWARAM BANGALORE 560003KODANDARAMPURA,13.002862,77.572308,Vinayaka Slum,Peenya - West,West,2629,no
22,29280502804,BBMP HS KODANDARAMAPURA,BBMP HIGH SCHOOL KODANDARAMAPURA MALLESHWARAM BANGALORE 560003KODANDARAMPURA,13.002862,77.572308,Himalaya Huts,Majestic,North,2959,no
22,29280502804,BBMP HS KODANDARAMAPURA,BBMP HIGH SCHOOL KODANDARAMAPURA MALLESHWARAM BANGALORE 560003KODANDARAMPURA,13.002862,77.572308,Minerva Mill,Majestic,North,2992,no
22,29280502804,BBMP HS KODANDARAMAPURA,BBMP HIGH SCHOOL KODANDARAMAPURA MALLESHWARAM BANGALORE 560003KODANDARAMPURA,13.002862,77.572308,Gopalpura,Majestic,North,3152,no
22,29280502804,BBMP HS KODANDARAMAPURA,BBMP HIGH SCHOOL KODANDARAMAPURA MALLESHWARAM BANGALORE 560003KODANDARAMPURA,13.002862,77.572308,VST colony,Majestic,North,3204,no
22,29280502804,BBMP HS KODANDARAMAPURA,BBMP HIGH SCHOOL KODANDARAMAPURA MALLESHWARAM BANGALORE 560003KODANDARAMPURA,13.002862,77.572308,Ashwath Nagar,JJR Nagar,Central,3363,no
22,29280502804,BBMP HS KODANDARAMAPURA,BBMP HIGH SCHOOL KODANDARAMAPURA MALLESHWARAM BANGALORE 560003KODANDARAMPURA,13.002862,77.572308,Vinny Colony,JJR Nagar,Central,3418,no
22,29280502804,BBMP HS KODANDARAMAPURA,BBMP HIGH SCHOOL KODANDARAMAPURA MALLESHWARAM BANGALORE 560003KODANDARAMPURA,13.002862,77.572308,Keshava Nagar,JJR Nagar,Central,3522,no
22,29280502804,BBMP HS KODANDARAMAPURA,BBMP HIGH SCHOOL KODANDARAMAPURA MALLESHWARAM BANGALORE 560003KODANDARAMPURA,13.002862,77.572308,Sanjay Gandhi Nagar,Peenya - West,West,3987,no
23,29200802533,BBMP HIGH SCHOOL K P AGRAHARA,1st main magadi road K P AGRAHARA,12.97344,77.54827,Handigudisalu,Majestic,North,749,yes
23,29200802533,BBMP HIGH SCHOOL K P AGRAHARA,1st main magadi road K P AGRAHARA,12.97344,77.54827,IPD Salappa Layout,Rayapuram,Central,804,no
23,29200802533,BBMP HIGH SCHOOL K P AGRAHARA,1st main magadi road K P AGRAHARA,12.97344,77.54827,VS Garden,Rayapuram,Central,867,no
23,29200802533,BBMP HIGH SCHOOL K P AGRAHARA,1st main magadi road K P AGRAHARA,12.97344,77.54827,7th & 8th Mn Rd Padarayanapura,JJR Nagar,Central,914,no
23,29200802533,BBMP HIGH SCHOOL K P AGRAHARA,1st main magadi road K P AGRAHARA,12.97344,77.54827,Sarkari Oni,Yeshwantpur,West,1039,no
23,29200802533,BBMP HIGH SCHOOL K P AGRAHARA,1st main magadi road K P AGRAHARA,12.97344,77.54827,Gada,JJR Nagar,Central,1086,no
23,29200802533,BBMP HIGH SCHOOL K P AGRAHARA,1st main magadi road K P AGRAHARA,12.97344,77.54827,Arfath Nagar I & II,JJR Nagar,Central,1109,no
23,29200802533,BBMP HIGH SCHOOL K P AGRAHARA,1st main magadi road K P AGRAHARA,12.97344,77.54827,Harikunte,Rayapuram,Central,1117,no
23,29200802533,BBMP HIGH SCHOOL K P AGRAHARA,1st main magadi road K P AGRAHARA,12.97344,77.54827,Thimmenahalli,Nagarbhavi,Central,1263,no
23,29200802533,BBMP HIGH SCHOOL K P AGRAHARA,1st main magadi road K P AGRAHARA,12.97344,77.54827,JJR Nagar North,Rayapuram,Central,1370,no
23,29200802533,BBMP HIGH SCHOOL K P AGRAHARA,1st main magadi road K P AGRAHARA,12.97344,77.54827,Farookhiya Nagar I & II,JJR Nagar,Central,1409,no
23,29200802533,BBMP HIGH SCHOOL K P AGRAHARA,1st main magadi road K P AGRAHARA,12.97344,77.54827,Devarajurs Nagar,JJR Nagar,Central,1418,no
23,29200802533,BBMP HIGH SCHOOL K P AGRAHARA,1st main magadi road K P AGRAHARA,12.97344,77.54827,Gopalpura,Majestic,North,1464,no
23,29200802533,BBMP HIGH SCHOOL K P AGRAHARA,1st main magadi road K P AGRAHARA,12.97344,77.54827,Janata Colony,JJR Nagar,Central,1489,no
23,29200802533,BBMP HIGH SCHOOL K P AGRAHARA,1st main magadi road K P AGRAHARA,12.97344,77.54827,JJR Nagar South,Rayapuram,Central,1495,no
23,29200802533,BBMP HIGH SCHOOL K P AGRAHARA,1st main magadi road K P AGRAHARA,12.97344,77.54827,Vinayaka Nagar,JJR Nagar,Central,1540,no
23,29200802533,BBMP HIGH SCHOOL K P AGRAHARA,1st main magadi road K P AGRAHARA,12.97344,77.54827,Keshava Nagar,JJR Nagar,Central,1561,no
23,29200802533,BBMP HIGH SCHOOL K P AGRAHARA,1st main magadi road K P AGRAHARA,12.97344,77.54827,Corporation Colony,Nagarbhavi,Central,1562,no
23,29200802533,BBMP HIGH SCHOOL K P AGRAHARA,1st main magadi road K P AGRAHARA,12.97344,77.54827,Ashwath Nagar,JJR Nagar,Central,1582,no
23,29200802533,BBMP HIGH SCHOOL K P AGRAHARA,1st main magadi road K P AGRAHARA,12.97344,77.54827,Vinny Colony,JJR Nagar,Central,1584,no
23,29200802533,BBMP HIGH SCHOOL K P AGRAHARA,1st main magadi road K P AGRAHARA,12.97344,77.54827,Boomatha Seva Sangha,JJR Nagar,Central,1691,no
23,29200802533,BBMP HIGH SCHOOL K P AGRAHARA,1st main magadi road K P AGRAHARA,12.97344,77.54827,Nagamma Nagar,JJR Nagar,Central,1707,no
23,29200802533,BBMP HIGH SCHOOL K P AGRAHARA,1st main magadi road K P AGRAHARA,12.97344,77.54827,Minerva Mill,Majestic,North,1770,no
23,29200802533,BBMP HIGH SCHOOL K P AGRAHARA,1st main magadi road K P AGRAHARA,12.97344,77.54827,Anjanappa Garden I & II,KR Market,Central,1928,no
23,29200802533,BBMP HIGH SCHOOL K P AGRAHARA,1st main magadi road K P AGRAHARA,12.97344,77.54827,VST colony,Majestic,North,1964,no
23,29200802533,BBMP HIGH SCHOOL K P AGRAHARA,1st main magadi road K P AGRAHARA,12.97344,77.54827,Bhangi Colony,KR Market,Central,2043,no
23,29200802533,BBMP HIGH SCHOOL K P AGRAHARA,1st main magadi road K P AGRAHARA,12.97344,77.54827,Sidhartha Nagar,KR Market,Central,2155,no
23,29200802533,BBMP HIGH SCHOOL K P AGRAHARA,1st main magadi road K P AGRAHARA,12.97344,77.54827,Kanaka Nagar,Nagarbhavi,Central,2188,no
23,29200802533,BBMP HIGH SCHOOL K P AGRAHARA,1st main magadi road K P AGRAHARA,12.97344,77.54827,Old Pension Mohalla,KR Market,Central,2215,no
23,29200802533,BBMP HIGH SCHOOL K P AGRAHARA,1st main magadi road K P AGRAHARA,12.97344,77.54827,Giripuram,KR Market,Central,2223,no
23,29200802533,BBMP HIGH SCHOOL K P AGRAHARA,1st main magadi road K P AGRAHARA,12.97344,77.54827,Anjaneya Temple,KR Market,Central,2273,no
23,29200802533,BBMP HIGH SCHOOL K P AGRAHARA,1st main magadi road K P AGRAHARA,12.97344,77.54827,Cheluvadipalya,KR Market,Central,2279,no
23,29200802533,BBMP HIGH SCHOOL K P AGRAHARA,1st main magadi road K P AGRAHARA,12.97344,77.54827,Adimoola Compound,KR Market,Central,2327,no
23,29200802533,BBMP HIGH SCHOOL K P AGRAHARA,1st main magadi road K P AGRAHARA,12.97344,77.54827,Tippu Nagar,KR Market,Central,2331,no
23,29200802533,BBMP HIGH SCHOOL K P AGRAHARA,1st main magadi road K P AGRAHARA,12.97344,77.54827,Velmurugapuram,KR Market,Central,2354,no
23,29200802533,BBMP HIGH SCHOOL K P AGRAHARA,1st main magadi road K P AGRAHARA,12.97344,77.54827,Anandapuram I & II,KR Market,Central,2362,no
23,29200802533,BBMP HIGH SCHOOL K P AGRAHARA,1st main magadi road K P AGRAHARA,12.97344,77.54827,Okalipuram,Majestic,North,2387,no
23,29200802533,BBMP HIGH SCHOOL K P AGRAHARA,1st main magadi road K P AGRAHARA,12.97344,77.54827,Bhakshi Garden I & II,KR Market,Central,2396,no
23,29200802533,BBMP HIGH SCHOOL K P AGRAHARA,1st main magadi road K P AGRAHARA,12.97344,77.54827,Sanjay Nagar,JJR Nagar,Central,2397,no
23,29200802533,BBMP HIGH SCHOOL K P AGRAHARA,1st main magadi road K P AGRAHARA,12.97344,77.54827,Saw Mill Lane,KR Market,Central,2417,no
23,29200802533,BBMP HIGH SCHOOL K P AGRAHARA,1st main magadi road K P AGRAHARA,12.97344,77.54827,Kurilingappa Garden,Nagarbhavi,Central,2444,no
23,29200802533,BBMP HIGH SCHOOL K P AGRAHARA,1st main magadi road K P AGRAHARA,12.97344,77.54827,Narasimaiah Colony,JJR Nagar,Central,2463,no
23,29200802533,BBMP HIGH SCHOOL K P AGRAHARA,1st main magadi road K P AGRAHARA,12.97344,77.54827,Nanjarasappa Badavane,Nagarbhavi,Central,2524,no
23,29200802533,BBMP HIGH SCHOOL K P AGRAHARA,1st main magadi road K P AGRAHARA,12.97344,77.54827,AK Colony,JJR Nagar,Central,2525,no
23,29200802533,BBMP HIGH SCHOOL K P AGRAHARA,1st main magadi road K P AGRAHARA,12.97344,77.54827,Dayananda Nagar,Majestic,North,2541,no
23,29200802533,BBMP HIGH SCHOOL K P AGRAHARA,1st main magadi road K P AGRAHARA,12.97344,77.54827,Kasturi Nagar,Majestic,North,2609,no
23,29200802533,BBMP HIGH SCHOOL K P AGRAHARA,1st main magadi road K P AGRAHARA,12.97344,77.54827,Ambedkar Nagar-97,Majestic,North,2638,no
23,29200802533,BBMP HIGH SCHOOL K P AGRAHARA,1st main magadi road K P AGRAHARA,12.97344,77.54827,Vivekananda Nagar,Majestic,North,2649,no
23,29200802533,BBMP HIGH SCHOOL K P AGRAHARA,1st main magadi road K P AGRAHARA,12.97344,77.54827,Gawtham Nagar,Majestic,North,2672,no
23,29200802533,BBMP HIGH SCHOOL K P AGRAHARA,1st main magadi road K P AGRAHARA,12.97344,77.54827,Jolly Mohalla,KR Market,Central,2674,no
23,29200802533,BBMP HIGH SCHOOL K P AGRAHARA,1st main magadi road K P AGRAHARA,12.97344,77.54827,Venkateshwara slum,Nagarbhavi,Central,2697,no
23,29200802533,BBMP HIGH SCHOOL K P AGRAHARA,1st main magadi road K P AGRAHARA,12.97344,77.54827,Lakshmanapuri,Majestic,North,2734,no
23,29200802533,BBMP HIGH SCHOOL K P AGRAHARA,1st main magadi road K P AGRAHARA,12.97344,77.54827,RKS,Majestic,North,2749,no
23,29200802533,BBMP HIGH SCHOOL K P AGRAHARA,1st main magadi road K P AGRAHARA,12.97344,77.54827,Hanumanthapura,Majestic,North,2762,no
23,29200802533,BBMP HIGH SCHOOL K P AGRAHARA,1st main magadi road K P AGRAHARA,12.97344,77.54827,Srirampura,Majestic,North,2797,no
23,29200802533,BBMP HIGH SCHOOL K P AGRAHARA,1st main magadi road K P AGRAHARA,12.97344,77.54827,Hanumanthappa Colony,Majestic,North,2832,no
23,29200802533,BBMP HIGH SCHOOL K P AGRAHARA,1st main magadi road K P AGRAHARA,12.97344,77.54827,Railway Station/Ambedkar Nagar,Majestic,North,2844,no
23,29200802533,BBMP HIGH SCHOOL K P AGRAHARA,1st main magadi road K P AGRAHARA,12.97344,77.54827,AK Badavane,JJR Nagar,Central,2872,no
23,29200802533,BBMP HIGH SCHOOL K P AGRAHARA,1st main magadi road K P AGRAHARA,12.97344,77.54827,Swathanthra Nagar,Majestic,North,2908,no
23,29200802533,BBMP HIGH SCHOOL K P AGRAHARA,1st main magadi road K P AGRAHARA,12.97344,77.54827,JCW Nagar,Majestic,North,2954,no
23,29200802533,BBMP HIGH SCHOOL K P AGRAHARA,1st main magadi road K P AGRAHARA,12.97344,77.54827,New Tharagupet,KR Market,Central,2982,no
23,29200802533,BBMP HIGH SCHOOL K P AGRAHARA,1st main magadi road K P AGRAHARA,12.97344,77.54827,Rasaldhar Street,Majestic,North,3001,no
23,29200802533,BBMP HIGH SCHOOL K P AGRAHARA,1st main magadi road K P AGRAHARA,12.97344,77.54827,Himalaya Huts,Majestic,North,3049,no
23,29200802533,BBMP HIGH SCHOOL K P AGRAHARA,1st main magadi road K P AGRAHARA,12.97344,77.54827,VV Giri colony,Majestic,North,3061,no
23,29200802533,BBMP HIGH SCHOOL K P AGRAHARA,1st main magadi road K P AGRAHARA,12.97344,77.54827,Valluvarpurm,Majestic,North,3199,no
23,29200802533,BBMP HIGH SCHOOL K P AGRAHARA,1st main magadi road K P AGRAHARA,12.97344,77.54827,Patankot,Nagarbhavi,Central,3476,no
23,29200802533,BBMP HIGH SCHOOL K P AGRAHARA,1st main magadi road K P AGRAHARA,12.97344,77.54827,Sumanahalli,Peenya North,North,3488,no
23,29200802533,BBMP HIGH SCHOOL K P AGRAHARA,1st main magadi road K P AGRAHARA,12.97344,77.54827,Devegowda slum,Nagarbhavi,Central,3505,no
23,29200802533,BBMP HIGH SCHOOL K P AGRAHARA,1st main magadi road K P AGRAHARA,12.97344,77.54827,Ganapathi Slum,Nagarbhavi,Central,3514,no
23,29200802533,BBMP HIGH SCHOOL K P AGRAHARA,1st main magadi road K P AGRAHARA,12.97344,77.54827,Kottigepalya,Peenya North,North,3517,no
23,29200802533,BBMP HIGH SCHOOL K P AGRAHARA,1st main magadi road K P AGRAHARA,12.97344,77.54827,Gangondanahalli,Nagarbhavi,Central,3570,no
23,29200802533,BBMP HIGH SCHOOL K P AGRAHARA,1st main magadi road K P AGRAHARA,12.97344,77.54827,Hoysala Nagar,Nagarbhavi,Central,3672,no
23,29200802533,BBMP HIGH SCHOOL K P AGRAHARA,1st main magadi road K P AGRAHARA,12.97344,77.54827,Bheemshakthi Slum,Yeshwantpur,West,3781,no
23,29200802533,BBMP HIGH SCHOOL K P AGRAHARA,1st main magadi road K P AGRAHARA,12.97344,77.54827,Krishnappa Garden,Yeshwantpur,West,3789,no
23,29200802533,BBMP HIGH SCHOOL K P AGRAHARA,1st main magadi road K P AGRAHARA,12.97344,77.54827,Vivekananda block,Majestic,North,3984,no
24,29200900120,MAHANAGAR PALIKE HPS AUSTIN TOWN,"BBMP SCHOOL, AUSTIN TOWN, BANGALORE",12.9593679,77.6186445,Samatha nagar,Koramangala,South,851,yes
24,29200900120,MAHANAGAR PALIKE HPS AUSTIN TOWN,"BBMP SCHOOL, AUSTIN TOWN, BANGALORE",12.9593679,77.6186445,Shastri Nagar,Koramangala,South,1221,no
24,29200900120,MAHANAGAR PALIKE HPS AUSTIN TOWN,"BBMP SCHOOL, AUSTIN TOWN, BANGALORE",12.9593679,77.6186445,Geetanajali,Koramangala,South,1284,no
24,29200900120,MAHANAGAR PALIKE HPS AUSTIN TOWN,"BBMP SCHOOL, AUSTIN TOWN, BANGALORE",12.9593679,77.6186445,Rajendra Nagar I,Koramangala,South,1498,no
24,29200900120,MAHANAGAR PALIKE HPS AUSTIN TOWN,"BBMP SCHOOL, AUSTIN TOWN, BANGALORE",12.9593679,77.6186445,Indira Gandhi slum Ejipura,Koramangala,South,1656,no
24,29200900120,MAHANAGAR PALIKE HPS AUSTIN TOWN,"BBMP SCHOOL, AUSTIN TOWN, BANGALORE",12.9593679,77.6186445,Ramanna Garden,KR Market,Central,3600,no
24,29200900120,MAHANAGAR PALIKE HPS AUSTIN TOWN,"BBMP SCHOOL, AUSTIN TOWN, BANGALORE",12.9593679,77.6186445,Vinoba nagar,KR Market,Central,3706,no
24,29200900120,MAHANAGAR PALIKE HPS AUSTIN TOWN,"BBMP SCHOOL, AUSTIN TOWN, BANGALORE",12.9593679,77.6186445,Gurappa Garden,KR Market,Central,3800,no
24,29200900120,MAHANAGAR PALIKE HPS AUSTIN TOWN,"BBMP SCHOOL, AUSTIN TOWN, BANGALORE",12.9593679,77.6186445,Kaveramma temple,Jayanagar,South,3905,no
25,29200900118,BBMP BOYS HIGH SCHOOL,BBMP BOYS HS AUSTINTOWN BANGALORE 560047,12.9590604,77.616163,Samatha nagar,Koramangala,South,901,yes
25,29200900118,BBMP BOYS HIGH SCHOOL,BBMP BOYS HS AUSTINTOWN BANGALORE 560047,12.9590604,77.616163,Shastri Nagar,Koramangala,South,1202,no
25,29200900118,BBMP BOYS HIGH SCHOOL,BBMP BOYS HS AUSTINTOWN BANGALORE 560047,12.9590604,77.616163,Geetanajali,Koramangala,South,1231,no
25,29200900118,BBMP BOYS HIGH SCHOOL,BBMP BOYS HS AUSTINTOWN BANGALORE 560047,12.9590604,77.616163,Rajendra Nagar I,Koramangala,South,1441,no
25,29200900118,BBMP BOYS HIGH SCHOOL,BBMP BOYS HS AUSTINTOWN BANGALORE 560047,12.9590604,77.616163,Indira Gandhi slum Ejipura,Koramangala,South,1752,no
25,29200900118,BBMP BOYS HIGH SCHOOL,BBMP BOYS HS AUSTINTOWN BANGALORE 560047,12.9590604,77.616163,Ramanna Garden,KR Market,Central,3332,no
25,29200900118,BBMP BOYS HIGH SCHOOL,BBMP BOYS HS AUSTINTOWN BANGALORE 560047,12.9590604,77.616163,Vinoba nagar,KR Market,Central,3435,no
25,29200900118,BBMP BOYS HIGH SCHOOL,BBMP BOYS HS AUSTINTOWN BANGALORE 560047,12.9590604,77.616163,Gurappa Garden,KR Market,Central,3529,no
25,29200900118,BBMP BOYS HIGH SCHOOL,BBMP BOYS HS AUSTINTOWN BANGALORE 560047,12.9590604,77.616163,Kaveramma temple,Jayanagar,South,3687,no
26,29200904405,MAHANAGARA PALIKE HPS NEELASA,Neelasandra bangalore 560067,12.9549407,77.6116427,Geetanajali,Koramangala,South,941,yes
26,29200904405,MAHANAGARA PALIKE HPS NEELASA,Neelasandra bangalore 560067,12.9549407,77.6116427,Samatha nagar,Koramangala,South,959,no
26,29200904405,MAHANAGARA PALIKE HPS NEELASA,Neelasandra bangalore 560067,12.9549407,77.6116427,Shastri Nagar,Koramangala,South,1005,no
26,29200904405,MAHANAGARA PALIKE HPS NEELASA,Neelasandra bangalore 560067,12.9549407,77.6116427,Rajendra Nagar I,Koramangala,South,1103,no
26,29200904405,MAHANAGARA PALIKE HPS NEELASA,Neelasandra bangalore 560067,12.9549407,77.6116427,Indira Gandhi slum Ejipura,Koramangala,South,1754,no
26,29200904405,MAHANAGARA PALIKE HPS NEELASA,Neelasandra bangalore 560067,12.9549407,77.6116427,Ramanna Garden,KR Market,Central,2895,no
26,29200904405,MAHANAGARA PALIKE HPS NEELASA,Neelasandra bangalore 560067,12.9549407,77.6116427,Vinoba nagar,KR Market,Central,2945,no
26,29200904405,MAHANAGARA PALIKE HPS NEELASA,Neelasandra bangalore 560067,12.9549407,77.6116427,Kaveramma temple,Jayanagar,South,3016,no
26,29200904405,MAHANAGARA PALIKE HPS NEELASA,Neelasandra bangalore 560067,12.9549407,77.6116427,Gurappa Garden,KR Market,Central,3038,no
26,29200904405,MAHANAGARA PALIKE HPS NEELASA,Neelasandra bangalore 560067,12.9549407,77.6116427,Siddarth nagar,Anekal,South,3707,no
26,29200904405,MAHANAGARA PALIKE HPS NEELASA,Neelasandra bangalore 560067,12.9549407,77.6116427,Urs colony,Jayanagar,South,3766,no
27,29200800626,"CORPORATION PRIMARY,HIGHER PRIMARY AND HIGH SCHOOL",CHIKKAPETECOTTONPET K V TEMPAL ROAD,12.97135,77.58373,Himalaya Huts,Majestic,North,996,yes
27,29200800626,"CORPORATION PRIMARY,HIGHER PRIMARY AND HIGH SCHOOL",CHIKKAPETECOTTONPET K V TEMPAL ROAD,12.97135,77.58373,Ramanna Garden,KR Market,Central,1283,no
27,29200800626,"CORPORATION PRIMARY,HIGHER PRIMARY AND HIGH SCHOOL",CHIKKAPETECOTTONPET K V TEMPAL ROAD,12.97135,77.58373,Jolly Mohalla,KR Market,Central,1474,no
27,29200800626,"CORPORATION PRIMARY,HIGHER PRIMARY AND HIGH SCHOOL",CHIKKAPETECOTTONPET K V TEMPAL ROAD,12.97135,77.58373,New Tharagupet,KR Market,Central,1586,no
27,29200800626,"CORPORATION PRIMARY,HIGHER PRIMARY AND HIGH SCHOOL",CHIKKAPETECOTTONPET K V TEMPAL ROAD,12.97135,77.58373,Vinoba nagar,KR Market,Central,1609,no
27,29200800626,"CORPORATION PRIMARY,HIGHER PRIMARY AND HIGH SCHOOL",CHIKKAPETECOTTONPET K V TEMPAL ROAD,12.97135,77.58373,Gurappa Garden,KR Market,Central,1611,no
27,29200800626,"CORPORATION PRIMARY,HIGHER PRIMARY AND HIGH SCHOOL",CHIKKAPETECOTTONPET K V TEMPAL ROAD,12.97135,77.58373,Saw Mill Lane,KR Market,Central,1613,no
27,29200800626,"CORPORATION PRIMARY,HIGHER PRIMARY AND HIGH SCHOOL",CHIKKAPETECOTTONPET K V TEMPAL ROAD,12.97135,77.58373,Bhakshi Garden I & II,KR Market,Central,1632,no
27,29200800626,"CORPORATION PRIMARY,HIGHER PRIMARY AND HIGH SCHOOL",CHIKKAPETECOTTONPET K V TEMPAL ROAD,12.97135,77.58373,Lakshmanapuri,Majestic,North,1739,no
27,29200800626,"CORPORATION PRIMARY,HIGHER PRIMARY AND HIGH SCHOOL",CHIKKAPETECOTTONPET K V TEMPAL ROAD,12.97135,77.58373,JCW Nagar,Majestic,North,1761,no
27,29200800626,"CORPORATION PRIMARY,HIGHER PRIMARY AND HIGH SCHOOL",CHIKKAPETECOTTONPET K V TEMPAL ROAD,12.97135,77.58373,Velmurugapuram,KR Market,Central,1781,no
27,29200800626,"CORPORATION PRIMARY,HIGHER PRIMARY AND HIGH SCHOOL",CHIKKAPETECOTTONPET K V TEMPAL ROAD,12.97135,77.58373,VV Giri colony,Majestic,North,1791,no
27,29200800626,"CORPORATION PRIMARY,HIGHER PRIMARY AND HIGH SCHOOL",CHIKKAPETECOTTONPET K V TEMPAL ROAD,12.97135,77.58373,Cheluvadipalya,KR Market,Central,1830,no
27,29200800626,"CORPORATION PRIMARY,HIGHER PRIMARY AND HIGH SCHOOL",CHIKKAPETECOTTONPET K V TEMPAL ROAD,12.97135,77.58373,VST colony,Majestic,North,1918,no
27,29200800626,"CORPORATION PRIMARY,HIGHER PRIMARY AND HIGH SCHOOL",CHIKKAPETECOTTONPET K V TEMPAL ROAD,12.97135,77.58373,Sidhartha Nagar,KR Market,Central,1932,no
27,29200800626,"CORPORATION PRIMARY,HIGHER PRIMARY AND HIGH SCHOOL",CHIKKAPETECOTTONPET K V TEMPAL ROAD,12.97135,77.58373,Ambedkar Nagar-97,Majestic,North,1968,no
27,29200800626,"CORPORATION PRIMARY,HIGHER PRIMARY AND HIGH SCHOOL",CHIKKAPETECOTTONPET K V TEMPAL ROAD,12.97135,77.58373,Rasaldhar Street,Majestic,North,1990,no
27,29200800626,"CORPORATION PRIMARY,HIGHER PRIMARY AND HIGH SCHOOL",CHIKKAPETECOTTONPET K V TEMPAL ROAD,12.97135,77.58373,Old Pension Mohalla,KR Market,Central,1994,no
27,29200800626,"CORPORATION PRIMARY,HIGHER PRIMARY AND HIGH SCHOOL",CHIKKAPETECOTTONPET K V TEMPAL ROAD,12.97135,77.58373,Hanumanthappa Colony,Majestic,North,2035,no
27,29200800626,"CORPORATION PRIMARY,HIGHER PRIMARY AND HIGH SCHOOL",CHIKKAPETECOTTONPET K V TEMPAL ROAD,12.97135,77.58373,Bhangi Colony,KR Market,Central,2037,no
27,29200800626,"CORPORATION PRIMARY,HIGHER PRIMARY AND HIGH SCHOOL",CHIKKAPETECOTTONPET K V TEMPAL ROAD,12.97135,77.58373,Anandapuram I & II,KR Market,Central,2054,no
27,29200800626,"CORPORATION PRIMARY,HIGHER PRIMARY AND HIGH SCHOOL",CHIKKAPETECOTTONPET K V TEMPAL ROAD,12.97135,77.58373,Giripuram,KR Market,Central,2080,no
27,29200800626,"CORPORATION PRIMARY,HIGHER PRIMARY AND HIGH SCHOOL",CHIKKAPETECOTTONPET K V TEMPAL ROAD,12.97135,77.58373,Adimoola Compound,KR Market,Central,2125,no
27,29200800626,"CORPORATION PRIMARY,HIGHER PRIMARY AND HIGH SCHOOL",CHIKKAPETECOTTONPET K V TEMPAL ROAD,12.97135,77.58373,Anjaneya Temple,KR Market,Central,2184,no
27,29200800626,"CORPORATION PRIMARY,HIGHER PRIMARY AND HIGH SCHOOL",CHIKKAPETECOTTONPET K V TEMPAL ROAD,12.97135,77.58373,Tippu Nagar,KR Market,Central,2187,no
27,29200800626,"CORPORATION PRIMARY,HIGHER PRIMARY AND HIGH SCHOOL",CHIKKAPETECOTTONPET K V TEMPAL ROAD,12.97135,77.58373,Minerva Mill,Majestic,North,2217,no
27,29200800626,"CORPORATION PRIMARY,HIGHER PRIMARY AND HIGH SCHOOL",CHIKKAPETECOTTONPET K V TEMPAL ROAD,12.97135,77.58373,Okalipuram,Majestic,North,2229,no
27,29200800626,"CORPORATION PRIMARY,HIGHER PRIMARY AND HIGH SCHOOL",CHIKKAPETECOTTONPET K V TEMPAL ROAD,12.97135,77.58373,Vivekananda Nagar,Majestic,North,2260,no
27,29200800626,"CORPORATION PRIMARY,HIGHER PRIMARY AND HIGH SCHOOL",CHIKKAPETECOTTONPET K V TEMPAL ROAD,12.97135,77.58373,Anjanappa Garden I & II,KR Market,Central,2261,no
27,29200800626,"CORPORATION PRIMARY,HIGHER PRIMARY AND HIGH SCHOOL",CHIKKAPETECOTTONPET K V TEMPAL ROAD,12.97135,77.58373,Vinny Colony,JJR Nagar,Central,2271,no
27,29200800626,"CORPORATION PRIMARY,HIGHER PRIMARY AND HIGH SCHOOL",CHIKKAPETECOTTONPET K V TEMPAL ROAD,12.97135,77.58373,Ashwath Nagar,JJR Nagar,Central,2281,no
27,29200800626,"CORPORATION PRIMARY,HIGHER PRIMARY AND HIGH SCHOOL",CHIKKAPETECOTTONPET K V TEMPAL ROAD,12.97135,77.58373,Keshava Nagar,JJR Nagar,Central,2288,no
27,29200800626,"CORPORATION PRIMARY,HIGHER PRIMARY AND HIGH SCHOOL",CHIKKAPETECOTTONPET K V TEMPAL ROAD,12.97135,77.58373,Nagamma Nagar,JJR Nagar,Central,2291,no
27,29200800626,"CORPORATION PRIMARY,HIGHER PRIMARY AND HIGH SCHOOL",CHIKKAPETECOTTONPET K V TEMPAL ROAD,12.97135,77.58373,Hanumanthapura,Majestic,North,2422,no
27,29200800626,"CORPORATION PRIMARY,HIGHER PRIMARY AND HIGH SCHOOL",CHIKKAPETECOTTONPET K V TEMPAL ROAD,12.97135,77.58373,Gopalpura,Majestic,North,2490,no
27,29200800626,"CORPORATION PRIMARY,HIGHER PRIMARY AND HIGH SCHOOL",CHIKKAPETECOTTONPET K V TEMPAL ROAD,12.97135,77.58373,Srirampura,Majestic,North,2591,no
27,29200800626,"CORPORATION PRIMARY,HIGHER PRIMARY AND HIGH SCHOOL",CHIKKAPETECOTTONPET K V TEMPAL ROAD,12.97135,77.58373,Swathanthra Nagar,Majestic,North,2613,no
27,29200800626,"CORPORATION PRIMARY,HIGHER PRIMARY AND HIGH SCHOOL",CHIKKAPETECOTTONPET K V TEMPAL ROAD,12.97135,77.58373,Kasturi Nagar,Majestic,North,2623,no
27,29200800626,"CORPORATION PRIMARY,HIGHER PRIMARY AND HIGH SCHOOL",CHIKKAPETECOTTONPET K V TEMPAL ROAD,12.97135,77.58373,Gawtham Nagar,Majestic,North,2667,no
27,29200800626,"CORPORATION PRIMARY,HIGHER PRIMARY AND HIGH SCHOOL",CHIKKAPETECOTTONPET K V TEMPAL ROAD,12.97135,77.58373,RKS,Majestic,North,2723,no
27,29200800626,"CORPORATION PRIMARY,HIGHER PRIMARY AND HIGH SCHOOL",CHIKKAPETECOTTONPET K V TEMPAL ROAD,12.97135,77.58373,Railway Station/Ambedkar Nagar,Majestic,North,2839,no
27,29200800626,"CORPORATION PRIMARY,HIGHER PRIMARY AND HIGH SCHOOL",CHIKKAPETECOTTONPET K V TEMPAL ROAD,12.97135,77.58373,JJR Nagar North,Rayapuram,Central,2912,no
27,29200800626,"CORPORATION PRIMARY,HIGHER PRIMARY AND HIGH SCHOOL",CHIKKAPETECOTTONPET K V TEMPAL ROAD,12.97135,77.58373,Valluvarpurm,Majestic,North,2983,no
27,29200800626,"CORPORATION PRIMARY,HIGHER PRIMARY AND HIGH SCHOOL",CHIKKAPETECOTTONPET K V TEMPAL ROAD,12.97135,77.58373,Vivekananda block,Majestic,North,3001,no
27,29200800626,"CORPORATION PRIMARY,HIGHER PRIMARY AND HIGH SCHOOL",CHIKKAPETECOTTONPET K V TEMPAL ROAD,12.97135,77.58373,JJR Nagar South,Rayapuram,Central,3004,no
27,29200800626,"CORPORATION PRIMARY,HIGHER PRIMARY AND HIGH SCHOOL",CHIKKAPETECOTTONPET K V TEMPAL ROAD,12.97135,77.58373,Anjaneya block,Majestic,North,3041,no
27,29200800626,"CORPORATION PRIMARY,HIGHER PRIMARY AND HIGH SCHOOL",CHIKKAPETECOTTONPET K V TEMPAL ROAD,12.97135,77.58373,Harikunte,Rayapuram,Central,3076,no
27,29200800626,"CORPORATION PRIMARY,HIGHER PRIMARY AND HIGH SCHOOL",CHIKKAPETECOTTONPET K V TEMPAL ROAD,12.97135,77.58373,Dayananda Nagar,Majestic,North,3109,no
27,29200800626,"CORPORATION PRIMARY,HIGHER PRIMARY AND HIGH SCHOOL",CHIKKAPETECOTTONPET K V TEMPAL ROAD,12.97135,77.58373,IPD Salappa Layout,Rayapuram,Central,3278,no
27,29200800626,"CORPORATION PRIMARY,HIGHER PRIMARY AND HIGH SCHOOL",CHIKKAPETECOTTONPET K V TEMPAL ROAD,12.97135,77.58373,Handigudisalu,Majestic,North,3287,no
27,29200800626,"CORPORATION PRIMARY,HIGHER PRIMARY AND HIGH SCHOOL",CHIKKAPETECOTTONPET K V TEMPAL ROAD,12.97135,77.58373,VS Garden,Rayapuram,Central,3292,no
27,29200800626,"CORPORATION PRIMARY,HIGHER PRIMARY AND HIGH SCHOOL",CHIKKAPETECOTTONPET K V TEMPAL ROAD,12.97135,77.58373,Farookhiya Nagar I & II,JJR Nagar,Central,3387,no
27,29200800626,"CORPORATION PRIMARY,HIGHER PRIMARY AND HIGH SCHOOL",CHIKKAPETECOTTONPET K V TEMPAL ROAD,12.97135,77.58373,Boomatha Seva Sangha,JJR Nagar,Central,3644,no
27,29200800626,"CORPORATION PRIMARY,HIGHER PRIMARY AND HIGH SCHOOL",CHIKKAPETECOTTONPET K V TEMPAL ROAD,12.97135,77.58373,Janata Colony,JJR Nagar,Central,3699,no
27,29200800626,"CORPORATION PRIMARY,HIGHER PRIMARY AND HIGH SCHOOL",CHIKKAPETECOTTONPET K V TEMPAL ROAD,12.97135,77.58373,7th & 8th Mn Rd Padarayanapura,JJR Nagar,Central,3701,no
27,29200800626,"CORPORATION PRIMARY,HIGHER PRIMARY AND HIGH SCHOOL",CHIKKAPETECOTTONPET K V TEMPAL ROAD,12.97135,77.58373,Vinayaka Nagar,JJR Nagar,Central,3831,no
27,29200800626,"CORPORATION PRIMARY,HIGHER PRIMARY AND HIGH SCHOOL",CHIKKAPETECOTTONPET K V TEMPAL ROAD,12.97135,77.58373,Devarajurs Nagar,JJR Nagar,Central,3903,no
28,29280503110,BBMP GIRLS HIGH SCHOOL,BBMP GIRLS HIGH SCHOOL GOKULA 1st STAGE 1st PHASE YESHWANTHPUR BENGALURU NORTH-560054,13.0302458,77.5590705,Vinayaka Slum,Peenya - West,West,1029,yes
28,29280503110,BBMP GIRLS HIGH SCHOOL,BBMP GIRLS HIGH SCHOOL GOKULA 1st STAGE 1st PHASE YESHWANTHPUR BENGALURU NORTH-560054,13.0302458,77.5590705,Sanjay Gandhi Nagar,Peenya - West,West,1330,no
28,29280503110,BBMP GIRLS HIGH SCHOOL,BBMP GIRLS HIGH SCHOOL GOKULA 1st STAGE 1st PHASE YESHWANTHPUR BENGALURU NORTH-560054,13.0302458,77.5590705,Sharif Nagar,Yeshwantpur,West,1359,no
28,29280503110,BBMP GIRLS HIGH SCHOOL,BBMP GIRLS HIGH SCHOOL GOKULA 1st STAGE 1st PHASE YESHWANTHPUR BENGALURU NORTH-560054,13.0302458,77.5590705,Muneshwar Nagar,Peenya - West,West,1575,no
28,29280503110,BBMP GIRLS HIGH SCHOOL,BBMP GIRLS HIGH SCHOOL GOKULA 1st STAGE 1st PHASE YESHWANTHPUR BENGALURU NORTH-560054,13.0302458,77.5590705,Jalageramma Temple,Sanjaynagar,North,2129,no
28,29280503110,BBMP GIRLS HIGH SCHOOL,BBMP GIRLS HIGH SCHOOL GOKULA 1st STAGE 1st PHASE YESHWANTHPUR BENGALURU NORTH-560054,13.0302458,77.5590705,Lumbini Slum,Peenya - West,West,2363,no
28,29280503110,BBMP GIRLS HIGH SCHOOL,BBMP GIRLS HIGH SCHOOL GOKULA 1st STAGE 1st PHASE YESHWANTHPUR BENGALURU NORTH-560054,13.0302458,77.5590705,Gas Godown,Sanjaynagar,North,2596,no
28,29280503110,BBMP GIRLS HIGH SCHOOL,BBMP GIRLS HIGH SCHOOL GOKULA 1st STAGE 1st PHASE YESHWANTHPUR BENGALURU NORTH-560054,13.0302458,77.5590705,Kanuramma Temple,Sanjaynagar,North,2598,no
28,29280503110,BBMP GIRLS HIGH SCHOOL,BBMP GIRLS HIGH SCHOOL GOKULA 1st STAGE 1st PHASE YESHWANTHPUR BENGALURU NORTH-560054,13.0302458,77.5590705,Muneshwara Temple Area,Sanjaynagar,North,2642,no
28,29280503110,BBMP GIRLS HIGH SCHOOL,BBMP GIRLS HIGH SCHOOL GOKULA 1st STAGE 1st PHASE YESHWANTHPUR BENGALURU NORTH-560054,13.0302458,77.5590705,Bheemshakthi Slum,Yeshwantpur,West,2719,no
28,29280503110,BBMP GIRLS HIGH SCHOOL,BBMP GIRLS HIGH SCHOOL GOKULA 1st STAGE 1st PHASE YESHWANTHPUR BENGALURU NORTH-560054,13.0302458,77.5590705,Bhoopsandra,Sanjaynagar,North,2886,no
28,29280503110,BBMP GIRLS HIGH SCHOOL,BBMP GIRLS HIGH SCHOOL GOKULA 1st STAGE 1st PHASE YESHWANTHPUR BENGALURU NORTH-560054,13.0302458,77.5590705,Behind UIDAI,Sanjaynagar,North,2933,no
28,29280503110,BBMP GIRLS HIGH SCHOOL,BBMP GIRLS HIGH SCHOOL GOKULA 1st STAGE 1st PHASE YESHWANTHPUR BENGALURU NORTH-560054,13.0302458,77.5590705,8th Main Road,Sanjaynagar,North,3129,no
28,29280503110,BBMP GIRLS HIGH SCHOOL,BBMP GIRLS HIGH SCHOOL GOKULA 1st STAGE 1st PHASE YESHWANTHPUR BENGALURU NORTH-560054,13.0302458,77.5590705,6th Main Road,Sanjaynagar,North,3141,no
28,29280503110,BBMP GIRLS HIGH SCHOOL,BBMP GIRLS HIGH SCHOOL GOKULA 1st STAGE 1st PHASE YESHWANTHPUR BENGALURU NORTH-560054,13.0302458,77.5590705,Railway Cross Doddabommasandra,Sanjaynagar,North,3154,no
28,29280503110,BBMP GIRLS HIGH SCHOOL,BBMP GIRLS HIGH SCHOOL GOKULA 1st STAGE 1st PHASE YESHWANTHPUR BENGALURU NORTH-560054,13.0302458,77.5590705,Ashraya Nagar,Peenya - West,West,3283,no
28,29280503110,BBMP GIRLS HIGH SCHOOL,BBMP GIRLS HIGH SCHOOL GOKULA 1st STAGE 1st PHASE YESHWANTHPUR BENGALURU NORTH-560054,13.0302458,77.5590705,Kole Basawa Community,Sanjaynagar,North,3431,no
28,29280503110,BBMP GIRLS HIGH SCHOOL,BBMP GIRLS HIGH SCHOOL GOKULA 1st STAGE 1st PHASE YESHWANTHPUR BENGALURU NORTH-560054,13.0302458,77.5590705,Virupakshapura,Sanjaynagar,North,3581,no
28,29280503110,BBMP GIRLS HIGH SCHOOL,BBMP GIRLS HIGH SCHOOL GOKULA 1st STAGE 1st PHASE YESHWANTHPUR BENGALURU NORTH-560054,13.0302458,77.5590705,Sanjay Gandhi Nagar-42,Peenya - West,West,3626,no
28,29280503110,BBMP GIRLS HIGH SCHOOL,BBMP GIRLS HIGH SCHOOL GOKULA 1st STAGE 1st PHASE YESHWANTHPUR BENGALURU NORTH-560054,13.0302458,77.5590705,1st Main Road By the Lake,Sanjaynagar,North,3651,no
28,29280503110,BBMP GIRLS HIGH SCHOOL,BBMP GIRLS HIGH SCHOOL GOKULA 1st STAGE 1st PHASE YESHWANTHPUR BENGALURU NORTH-560054,13.0302458,77.5590705,Aishwarya Oil Mill Behind,Sanjaynagar,North,3680,no
28,29280503110,BBMP GIRLS HIGH SCHOOL,BBMP GIRLS HIGH SCHOOL GOKULA 1st STAGE 1st PHASE YESHWANTHPUR BENGALURU NORTH-560054,13.0302458,77.5590705,Siddarthanagar,Peenya - West,West,3735,no
28,29280503110,BBMP GIRLS HIGH SCHOOL,BBMP GIRLS HIGH SCHOOL GOKULA 1st STAGE 1st PHASE YESHWANTHPUR BENGALURU NORTH-560054,13.0302458,77.5590705,Havadigara Colony,Peenya - West,West,3746,no
28,29280503110,BBMP GIRLS HIGH SCHOOL,BBMP GIRLS HIGH SCHOOL GOKULA 1st STAGE 1st PHASE YESHWANTHPUR BENGALURU NORTH-560054,13.0302458,77.5590705,Buddha Nagar,Peenya - West,West,3877,no
28,29280503110,BBMP GIRLS HIGH SCHOOL,BBMP GIRLS HIGH SCHOOL GOKULA 1st STAGE 1st PHASE YESHWANTHPUR BENGALURU NORTH-560054,13.0302458,77.5590705,Bhimanna Garden,Byatarayanapura,North,3906,no
28,29280503110,BBMP GIRLS HIGH SCHOOL,BBMP GIRLS HIGH SCHOOL GOKULA 1st STAGE 1st PHASE YESHWANTHPUR BENGALURU NORTH-560054,13.0302458,77.5590705,Vambe Quarters,Peenya - West,West,3942,no
29,29200142307,CORPORATION GIRLS HIGH SCH,"K.G Nagara, Nanjappa Block, Chamarajapet, Bangalore",12.9531137,77.5618485,Tippu Nagar,KR Market,Central,1065,yes
29,29200142307,CORPORATION GIRLS HIGH SCH,"K.G Nagara, Nanjappa Block, Chamarajapet, Bangalore",12.9531137,77.5618485,Anjaneya Temple,KR Market,Central,1107,no
29,29200142307,CORPORATION GIRLS HIGH SCH,"K.G Nagara, Nanjappa Block, Chamarajapet, Bangalore",12.9531137,77.5618485,Adimoola Compound,KR Market,Central,1137,no
29,29200142307,CORPORATION GIRLS HIGH SCH,"K.G Nagara, Nanjappa Block, Chamarajapet, Bangalore",12.9531137,77.5618485,Boomatha Seva Sangha,JJR Nagar,Central,1183,no
29,29200142307,CORPORATION GIRLS HIGH SCH,"K.G Nagara, Nanjappa Block, Chamarajapet, Bangalore",12.9531137,77.5618485,Anandapuram I & II,KR Market,Central,1197,no
29,29200142307,CORPORATION GIRLS HIGH SCH,"K.G Nagara, Nanjappa Block, Chamarajapet, Bangalore",12.9531137,77.5618485,JJR Nagar South,Rayapuram,Central,1232,no
29,29200142307,CORPORATION GIRLS HIGH SCH,"K.G Nagara, Nanjappa Block, Chamarajapet, Bangalore",12.9531137,77.5618485,Giripuram,KR Market,Central,1271,no
29,29200142307,CORPORATION GIRLS HIGH SCH,"K.G Nagara, Nanjappa Block, Chamarajapet, Bangalore",12.9531137,77.5618485,Farookhiya Nagar I & II,JJR Nagar,Central,1310,no
29,29200142307,CORPORATION GIRLS HIGH SCH,"K.G Nagara, Nanjappa Block, Chamarajapet, Bangalore",12.9531137,77.5618485,Anjanappa Garden I & II,KR Market,Central,1352,no
29,29200142307,CORPORATION GIRLS HIGH SCH,"K.G Nagara, Nanjappa Block, Chamarajapet, Bangalore",12.9531137,77.5618485,Janata Colony,JJR Nagar,Central,1386,no
29,29200142307,CORPORATION GIRLS HIGH SCH,"K.G Nagara, Nanjappa Block, Chamarajapet, Bangalore",12.9531137,77.5618485,Old Pension Mohalla,KR Market,Central,1389,no
29,29200142307,CORPORATION GIRLS HIGH SCH,"K.G Nagara, Nanjappa Block, Chamarajapet, Bangalore",12.9531137,77.5618485,Sanjay Nagar,JJR Nagar,Central,1412,no
29,29200142307,CORPORATION GIRLS HIGH SCH,"K.G Nagara, Nanjappa Block, Chamarajapet, Bangalore",12.9531137,77.5618485,JJR Nagar North,Rayapuram,Central,1414,no
29,29200142307,CORPORATION GIRLS HIGH SCH,"K.G Nagara, Nanjappa Block, Chamarajapet, Bangalore",12.9531137,77.5618485,Vinayaka Nagar,JJR Nagar,Central,1441,no
29,29200142307,CORPORATION GIRLS HIGH SCH,"K.G Nagara, Nanjappa Block, Chamarajapet, Bangalore",12.9531137,77.5618485,Bhangi Colony,KR Market,Central,1525,no
29,29200142307,CORPORATION GIRLS HIGH SCH,"K.G Nagara, Nanjappa Block, Chamarajapet, Bangalore",12.9531137,77.5618485,New Tharagupet,KR Market,Central,1536,no
29,29200142307,CORPORATION GIRLS HIGH SCH,"K.G Nagara, Nanjappa Block, Chamarajapet, Bangalore",12.9531137,77.5618485,Sidhartha Nagar,KR Market,Central,1546,no
29,29200142307,CORPORATION GIRLS HIGH SCH,"K.G Nagara, Nanjappa Block, Chamarajapet, Bangalore",12.9531137,77.5618485,Velmurugapuram,KR Market,Central,1553,no
29,29200142307,CORPORATION GIRLS HIGH SCH,"K.G Nagara, Nanjappa Block, Chamarajapet, Bangalore",12.9531137,77.5618485,Cheluvadipalya,KR Market,Central,1557,no
29,29200142307,CORPORATION GIRLS HIGH SCH,"K.G Nagara, Nanjappa Block, Chamarajapet, Bangalore",12.9531137,77.5618485,Devarajurs Nagar,JJR Nagar,Central,1593,no
29,29200142307,CORPORATION GIRLS HIGH SCH,"K.G Nagara, Nanjappa Block, Chamarajapet, Bangalore",12.9531137,77.5618485,Nagamma Nagar,JJR Nagar,Central,1633,no
29,29200142307,CORPORATION GIRLS HIGH SCH,"K.G Nagara, Nanjappa Block, Chamarajapet, Bangalore",12.9531137,77.5618485,Harikunte,Rayapuram,Central,1633,no
29,29200142307,CORPORATION GIRLS HIGH SCH,"K.G Nagara, Nanjappa Block, Chamarajapet, Bangalore",12.9531137,77.5618485,Jolly Mohalla,KR Market,Central,1729,no
29,29200142307,CORPORATION GIRLS HIGH SCH,"K.G Nagara, Nanjappa Block, Chamarajapet, Bangalore",12.9531137,77.5618485,Bhakshi Garden I & II,KR Market,Central,1742,no
29,29200142307,CORPORATION GIRLS HIGH SCH,"K.G Nagara, Nanjappa Block, Chamarajapet, Bangalore",12.9531137,77.5618485,Saw Mill Lane,KR Market,Central,1747,no
29,29200142307,CORPORATION GIRLS HIGH SCH,"K.G Nagara, Nanjappa Block, Chamarajapet, Bangalore",12.9531137,77.5618485,Narasimaiah Colony,JJR Nagar,Central,1770,no
29,29200142307,CORPORATION GIRLS HIGH SCH,"K.G Nagara, Nanjappa Block, Chamarajapet, Bangalore",12.9531137,77.5618485,VS Garden,Rayapuram,Central,1844,no
29,29200142307,CORPORATION GIRLS HIGH SCH,"K.G Nagara, Nanjappa Block, Chamarajapet, Bangalore",12.9531137,77.5618485,7th & 8th Mn Rd Padarayanapura,JJR Nagar,Central,1867,no
29,29200142307,CORPORATION GIRLS HIGH SCH,"K.G Nagara, Nanjappa Block, Chamarajapet, Bangalore",12.9531137,77.5618485,Arfath Nagar I & II,JJR Nagar,Central,1921,no
29,29200142307,CORPORATION GIRLS HIGH SCH,"K.G Nagara, Nanjappa Block, Chamarajapet, Bangalore",12.9531137,77.5618485,IPD Salappa Layout,Rayapuram,Central,1923,no
29,29200142307,CORPORATION GIRLS HIGH SCH,"K.G Nagara, Nanjappa Block, Chamarajapet, Bangalore",12.9531137,77.5618485,Handigudisalu,Majestic,North,1988,no
29,29200142307,CORPORATION GIRLS HIGH SCH,"K.G Nagara, Nanjappa Block, Chamarajapet, Bangalore",12.9531137,77.5618485,Gada,JJR Nagar,Central,2050,no
29,29200142307,CORPORATION GIRLS HIGH SCH,"K.G Nagara, Nanjappa Block, Chamarajapet, Bangalore",12.9531137,77.5618485,Keshava Nagar,JJR Nagar,Central,2170,no
29,29200142307,CORPORATION GIRLS HIGH SCH,"K.G Nagara, Nanjappa Block, Chamarajapet, Bangalore",12.9531137,77.5618485,AK Badavane,JJR Nagar,Central,2179,no
29,29200142307,CORPORATION GIRLS HIGH SCH,"K.G Nagara, Nanjappa Block, Chamarajapet, Bangalore",12.9531137,77.5618485,AK Colony,JJR Nagar,Central,2200,no
29,29200142307,CORPORATION GIRLS HIGH SCH,"K.G Nagara, Nanjappa Block, Chamarajapet, Bangalore",12.9531137,77.5618485,Vinny Colony,JJR Nagar,Central,2273,no
29,29200142307,CORPORATION GIRLS HIGH SCH,"K.G Nagara, Nanjappa Block, Chamarajapet, Bangalore",12.9531137,77.5618485,Ashwath Nagar,JJR Nagar,Central,2331,no
29,29200142307,CORPORATION GIRLS HIGH SCH,"K.G Nagara, Nanjappa Block, Chamarajapet, Bangalore",12.9531137,77.5618485,Gurappa Garden,KR Market,Central,2402,no
29,29200142307,CORPORATION GIRLS HIGH SCH,"K.G Nagara, Nanjappa Block, Chamarajapet, Bangalore",12.9531137,77.5618485,VST colony,Majestic,North,2443,no
29,29200142307,CORPORATION GIRLS HIGH SCH,"K.G Nagara, Nanjappa Block, Chamarajapet, Bangalore",12.9531137,77.5618485,Vinoba nagar,KR Market,Central,2495,no
29,29200142307,CORPORATION GIRLS HIGH SCH,"K.G Nagara, Nanjappa Block, Chamarajapet, Bangalore",12.9531137,77.5618485,Gopalpura,Majestic,North,2611,no
29,29200142307,CORPORATION GIRLS HIGH SCH,"K.G Nagara, Nanjappa Block, Chamarajapet, Bangalore",12.9531137,77.5618485,Venkateshwara slum,Nagarbhavi,Central,2613,no
29,29200142307,CORPORATION GIRLS HIGH SCH,"K.G Nagara, Nanjappa Block, Chamarajapet, Bangalore",12.9531137,77.5618485,Ramanna Garden,KR Market,Central,2665,no
29,29200142307,CORPORATION GIRLS HIGH SCH,"K.G Nagara, Nanjappa Block, Chamarajapet, Bangalore",12.9531137,77.5618485,Minerva Mill,Majestic,North,2685,no
29,29200142307,CORPORATION GIRLS HIGH SCH,"K.G Nagara, Nanjappa Block, Chamarajapet, Bangalore",12.9531137,77.5618485,Sarkari Oni,Yeshwantpur,West,2927,no
29,29200142307,CORPORATION GIRLS HIGH SCH,"K.G Nagara, Nanjappa Block, Chamarajapet, Bangalore",12.9531137,77.5618485,Ganapathi Slum,Nagarbhavi,Central,2958,no
29,29200142307,CORPORATION GIRLS HIGH SCH,"K.G Nagara, Nanjappa Block, Chamarajapet, Bangalore",12.9531137,77.5618485,Chamundi Slum,Nagarbhavi,Central,3013,no
29,29200142307,CORPORATION GIRLS HIGH SCH,"K.G Nagara, Nanjappa Block, Chamarajapet, Bangalore",12.9531137,77.5618485,Himalaya Huts,Majestic,North,3035,no
29,29200142307,CORPORATION GIRLS HIGH SCH,"K.G Nagara, Nanjappa Block, Chamarajapet, Bangalore",12.9531137,77.5618485,Veerabhadra Nagar,Nagarbhavi,Central,3241,no
29,29200142307,CORPORATION GIRLS HIGH SCH,"K.G Nagara, Nanjappa Block, Chamarajapet, Bangalore",12.9531137,77.5618485,Lakshmanapuri,Majestic,North,3389,no
29,29200142307,CORPORATION GIRLS HIGH SCH,"K.G Nagara, Nanjappa Block, Chamarajapet, Bangalore",12.9531137,77.5618485,Okalipuram,Majestic,North,3465,no
29,29200142307,CORPORATION GIRLS HIGH SCH,"K.G Nagara, Nanjappa Block, Chamarajapet, Bangalore",12.9531137,77.5618485,Ambedkar Nagar-97,Majestic,North,3488,no
29,29200142307,CORPORATION GIRLS HIGH SCH,"K.G Nagara, Nanjappa Block, Chamarajapet, Bangalore",12.9531137,77.5618485,JCW Nagar,Majestic,North,3618,no
29,29200142307,CORPORATION GIRLS HIGH SCH,"K.G Nagara, Nanjappa Block, Chamarajapet, Bangalore",12.9531137,77.5618485,Hanumanthappa Colony,Majestic,North,3717,no
29,29200142307,CORPORATION GIRLS HIGH SCH,"K.G Nagara, Nanjappa Block, Chamarajapet, Bangalore",12.9531137,77.5618485,D'souza Nagar,Nagarbhavi,Central,3719,no
29,29200142307,CORPORATION GIRLS HIGH SCH,"K.G Nagara, Nanjappa Block, Chamarajapet, Bangalore",12.9531137,77.5618485,Vivekananda Nagar,Majestic,North,3727,no
29,29200142307,CORPORATION GIRLS HIGH SCH,"K.G Nagara, Nanjappa Block, Chamarajapet, Bangalore",12.9531137,77.5618485,VV Giri colony,Majestic,North,3734,no
29,29200142307,CORPORATION GIRLS HIGH SCH,"K.G Nagara, Nanjappa Block, Chamarajapet, Bangalore",12.9531137,77.5618485,Thimmenahalli,Nagarbhavi,Central,3771,no
29,29200142307,CORPORATION GIRLS HIGH SCH,"K.G Nagara, Nanjappa Block, Chamarajapet, Bangalore",12.9531137,77.5618485,Hosakerehalli,Nagarbhavi,Central,3779,no
29,29200142307,CORPORATION GIRLS HIGH SCH,"K.G Nagara, Nanjappa Block, Chamarajapet, Bangalore",12.9531137,77.5618485,Kaveramma temple,Jayanagar,South,3797,no
29,29200142307,CORPORATION GIRLS HIGH SCH,"K.G Nagara, Nanjappa Block, Chamarajapet, Bangalore",12.9531137,77.5618485,Rasaldhar Street,Majestic,North,3827,no
29,29200142307,CORPORATION GIRLS HIGH SCH,"K.G Nagara, Nanjappa Block, Chamarajapet, Bangalore",12.9531137,77.5618485,Hanumanthapura,Majestic,North,3936,no
29,29200142307,CORPORATION GIRLS HIGH SCH,"K.G Nagara, Nanjappa Block, Chamarajapet, Bangalore",12.9531137,77.5618485,Kasturi Nagar,Majestic,North,3952,no
30,29200900119,BBMP GIRLS HIGH SCHOOL,BBMPS GIRLS HIGHSCHOOL AND PU COLLEGE AUSTINTOWN BANGALORE 560047,12.9613433,77.6169102,Samatha nagar,Koramangala,South,1108,yes
30,29200900119,BBMP GIRLS HIGH SCHOOL,BBMPS GIRLS HIGHSCHOOL AND PU COLLEGE AUSTINTOWN BANGALORE 560047,12.9613433,77.6169102,Shastri Nagar,Koramangala,South,1444,no
30,29200900119,BBMP GIRLS HIGH SCHOOL,BBMPS GIRLS HIGHSCHOOL AND PU COLLEGE AUSTINTOWN BANGALORE 560047,12.9613433,77.6169102,Geetanajali,Koramangala,South,1485,no
30,29200900119,BBMP GIRLS HIGH SCHOOL,BBMPS GIRLS HIGHSCHOOL AND PU COLLEGE AUSTINTOWN BANGALORE 560047,12.9613433,77.6169102,Rajendra Nagar I,Koramangala,South,1697,no
30,29200900119,BBMP GIRLS HIGH SCHOOL,BBMPS GIRLS HIGHSCHOOL AND PU COLLEGE AUSTINTOWN BANGALORE 560047,12.9613433,77.6169102,Indira Gandhi slum Ejipura,Koramangala,South,1934,no
30,29200900119,BBMP GIRLS HIGH SCHOOL,BBMPS GIRLS HIGHSCHOOL AND PU COLLEGE AUSTINTOWN BANGALORE 560047,12.9613433,77.6169102,Ramanna Garden,KR Market,Central,3415,no
30,29200900119,BBMP GIRLS HIGH SCHOOL,BBMPS GIRLS HIGHSCHOOL AND PU COLLEGE AUSTINTOWN BANGALORE 560047,12.9613433,77.6169102,Vinoba nagar,KR Market,Central,3542,no
30,29200900119,BBMP GIRLS HIGH SCHOOL,BBMPS GIRLS HIGHSCHOOL AND PU COLLEGE AUSTINTOWN BANGALORE 560047,12.9613433,77.6169102,Gurappa Garden,KR Market,Central,3636,no
30,29200900119,BBMP GIRLS HIGH SCHOOL,BBMPS GIRLS HIGHSCHOOL AND PU COLLEGE AUSTINTOWN BANGALORE 560047,12.9613433,77.6169102,Kaveramma temple,Jayanagar,South,3925,no
31,29200904426,CORPORATION JUNIOR COLLEGE,", SOUTH3, BENGALURU U SOUTH",12.96208,77.61516,Samatha nagar,Koramangala,South,1251,yes
31,29200904426,CORPORATION JUNIOR COLLEGE,", SOUTH3, BENGALURU U SOUTH",12.96208,77.61516,Shastri Nagar,Koramangala,South,1553,no
31,29200904426,CORPORATION JUNIOR COLLEGE,", SOUTH3, BENGALURU U SOUTH",12.96208,77.61516,Geetanajali,Koramangala,South,1574,no
31,29200904426,CORPORATION JUNIOR COLLEGE,", SOUTH3, BENGALURU U SOUTH",12.96208,77.61516,Rajendra Nagar I,Koramangala,South,1781,no
31,29200904426,CORPORATION JUNIOR COLLEGE,", SOUTH3, BENGALURU U SOUTH",12.96208,77.61516,Indira Gandhi slum Ejipura,Koramangala,South,2096,no
31,29200904426,CORPORATION JUNIOR COLLEGE,", SOUTH3, BENGALURU U SOUTH",12.96208,77.61516,Ramanna Garden,KR Market,Central,3231,no
31,29200904426,CORPORATION JUNIOR COLLEGE,", SOUTH3, BENGALURU U SOUTH",12.96208,77.61516,Vinoba nagar,KR Market,Central,3368,no
31,29200904426,CORPORATION JUNIOR COLLEGE,", SOUTH3, BENGALURU U SOUTH",12.96208,77.61516,Gurappa Garden,KR Market,Central,3461,no
31,29200904426,CORPORATION JUNIOR COLLEGE,", SOUTH3, BENGALURU U SOUTH",12.96208,77.61516,Kaveramma temple,Jayanagar,South,3859,no
32,29200904104,B B M P HIGHER PRIMARY SCHOOL LAKKASANDRA,15th cross Lakkasandra,12.9426328,77.6012204,Kaveramma temple,Jayanagar,South,1261,yes
32,29200904104,B B M P HIGHER PRIMARY SCHOOL LAKKASANDRA,15th cross Lakkasandra,12.9426328,77.6012204,Rajendra Nagar I,Koramangala,South,1674,no
32,29200904104,B B M P HIGHER PRIMARY SCHOOL LAKKASANDRA,15th cross Lakkasandra,12.9426328,77.6012204,Geetanajali,Koramangala,South,1771,no
32,29200904104,B B M P HIGHER PRIMARY SCHOOL LAKKASANDRA,15th cross Lakkasandra,12.9426328,77.6012204,Shastri Nagar,Koramangala,South,1933,no
32,29200904104,B B M P HIGHER PRIMARY SCHOOL LAKKASANDRA,15th cross Lakkasandra,12.9426328,77.6012204,Urs colony,Jayanagar,South,2123,no
32,29200904104,B B M P HIGHER PRIMARY SCHOOL LAKKASANDRA,15th cross Lakkasandra,12.9426328,77.6012204,Samatha nagar,Koramangala,South,2267,no
32,29200904104,B B M P HIGHER PRIMARY SCHOOL LAKKASANDRA,15th cross Lakkasandra,12.9426328,77.6012204,Vinoba nagar,KR Market,Central,2405,no
32,29200904104,B B M P HIGHER PRIMARY SCHOOL LAKKASANDRA,15th cross Lakkasandra,12.9426328,77.6012204,Gurappa Garden,KR Market,Central,2473,no
32,29200904104,B B M P HIGHER PRIMARY SCHOOL LAKKASANDRA,15th cross Lakkasandra,12.9426328,77.6012204,Indira G colony,Jayanagar,South,2487,no
32,29200904104,B B M P HIGHER PRIMARY SCHOOL LAKKASANDRA,15th cross Lakkasandra,12.9426328,77.6012204,Ramanna Garden,KR Market,Central,2575,no
32,29200904104,B B M P HIGHER PRIMARY SCHOOL LAKKASANDRA,15th cross Lakkasandra,12.9426328,77.6012204,Indira Gandhi slum Ejipura,Koramangala,South,2577,no
32,29200904104,B B M P HIGHER PRIMARY SCHOOL LAKKASANDRA,15th cross Lakkasandra,12.9426328,77.6012204,Siddarth nagar,Anekal,South,3061,no
32,29200904104,B B M P HIGHER PRIMARY SCHOOL LAKKASANDRA,15th cross Lakkasandra,12.9426328,77.6012204,Ragigudda I,Jayanagar,South,3556,no
32,29200904104,B B M P HIGHER PRIMARY SCHOOL LAKKASANDRA,15th cross Lakkasandra,12.9426328,77.6012204,Ragigudda II,Jayanagar,South,3556,no
32,29200904104,B B M P HIGHER PRIMARY SCHOOL LAKKASANDRA,15th cross Lakkasandra,12.9426328,77.6012204,New Tharagupet,KR Market,Central,3719,no
33,29200142133,B B M P SAMYUKTHA PU COLLEGE HERUHALLI,"HEROHALLI, SOUTH1, BENGALURU U SOUTH",12.9918,77.5046,Maruthi Nagar A,Peenya North,North,1419,yes
33,29200142133,B B M P SAMYUKTHA PU COLLEGE HERUHALLI,"HEROHALLI, SOUTH1, BENGALURU U SOUTH",12.9918,77.5046,Kottigepalya,Peenya North,North,1637,no
33,29200142133,B B M P SAMYUKTHA PU COLLEGE HERUHALLI,"HEROHALLI, SOUTH1, BENGALURU U SOUTH",12.9918,77.5046,Sumanahalli,Peenya North,North,1666,no
33,29200142133,B B M P SAMYUKTHA PU COLLEGE HERUHALLI,"HEROHALLI, SOUTH1, BENGALURU U SOUTH",12.9918,77.5046,Kole Basawa Community Jopadi,Peenya North,North,1682,no
33,29200142133,B B M P SAMYUKTHA PU COLLEGE HERUHALLI,"HEROHALLI, SOUTH1, BENGALURU U SOUTH",12.9918,77.5046,Maruthi Nagar near Bilal Masjid,Peenya North,North,1700,no
33,29200142133,B B M P SAMYUKTHA PU COLLEGE HERUHALLI,"HEROHALLI, SOUTH1, BENGALURU U SOUTH",12.9918,77.5046,Maruthi Nagar B,Peenya North,North,1700,no
33,29200142133,B B M P SAMYUKTHA PU COLLEGE HERUHALLI,"HEROHALLI, SOUTH1, BENGALURU U SOUTH",12.9918,77.5046,Sathi circle,Peenya North,North,2504,no
33,29200142133,B B M P SAMYUKTHA PU COLLEGE HERUHALLI,"HEROHALLI, SOUTH1, BENGALURU U SOUTH",12.9918,77.5046,Ambi Circle Water Tank Park,Peenya North,North,2708,no
33,29200142133,B B M P SAMYUKTHA PU COLLEGE HERUHALLI,"HEROHALLI, SOUTH1, BENGALURU U SOUTH",12.9918,77.5046,Gulbarga Slum,Peenya North,North,2771,no
33,29200142133,B B M P SAMYUKTHA PU COLLEGE HERUHALLI,"HEROHALLI, SOUTH1, BENGALURU U SOUTH",12.9918,77.5046,Near Ambi circle,Peenya North,North,2859,no
33,29200142133,B B M P SAMYUKTHA PU COLLEGE HERUHALLI,"HEROHALLI, SOUTH1, BENGALURU U SOUTH",12.9918,77.5046,Kurilingappa Garden,Nagarbhavi,Central,3258,no
33,29200142133,B B M P SAMYUKTHA PU COLLEGE HERUHALLI,"HEROHALLI, SOUTH1, BENGALURU U SOUTH",12.9918,77.5046,Jai Bheem Nagar,Peenya - West,West,3279,no
33,29200142133,B B M P SAMYUKTHA PU COLLEGE HERUHALLI,"HEROHALLI, SOUTH1, BENGALURU U SOUTH",12.9918,77.5046,Buddha Nagar,Peenya - West,West,3453,no
33,29200142133,B B M P SAMYUKTHA PU COLLEGE HERUHALLI,"HEROHALLI, SOUTH1, BENGALURU U SOUTH",12.9918,77.5046,Kaveri Nagar,Peenya - West,West,3461,no
33,29200142133,B B M P SAMYUKTHA PU COLLEGE HERUHALLI,"HEROHALLI, SOUTH1, BENGALURU U SOUTH",12.9918,77.5046,Krishnappa Garden,Yeshwantpur,West,3572,no
33,29200142133,B B M P SAMYUKTHA PU COLLEGE HERUHALLI,"HEROHALLI, SOUTH1, BENGALURU U SOUTH",12.9918,77.5046,Kanaka Nagar,Nagarbhavi,Central,3588,no
33,29200142133,B B M P SAMYUKTHA PU COLLEGE HERUHALLI,"HEROHALLI, SOUTH1, BENGALURU U SOUTH",12.9918,77.5046,Corporation Colony,Nagarbhavi,Central,3595,no
33,29200142133,B B M P SAMYUKTHA PU COLLEGE HERUHALLI,"HEROHALLI, SOUTH1, BENGALURU U SOUTH",12.9918,77.5046,Vambe Quarters,Peenya - West,West,3632,no
33,29200142133,B B M P SAMYUKTHA PU COLLEGE HERUHALLI,"HEROHALLI, SOUTH1, BENGALURU U SOUTH",12.9918,77.5046,Hoysala Nagar,Nagarbhavi,Central,3658,no
33,29200142133,B B M P SAMYUKTHA PU COLLEGE HERUHALLI,"HEROHALLI, SOUTH1, BENGALURU U SOUTH",12.9918,77.5046,Kempamma badavane,Peenya - West,West,3686,no
33,29200142133,B B M P SAMYUKTHA PU COLLEGE HERUHALLI,"HEROHALLI, SOUTH1, BENGALURU U SOUTH",12.9918,77.5046,Havadigara Colony,Peenya - West,West,3718,no
33,29200142133,B B M P SAMYUKTHA PU COLLEGE HERUHALLI,"HEROHALLI, SOUTH1, BENGALURU U SOUTH",12.9918,77.5046,Nanjarasappa Badavane,Nagarbhavi,Central,3839,no
33,29200142133,B B M P SAMYUKTHA PU COLLEGE HERUHALLI,"HEROHALLI, SOUTH1, BENGALURU U SOUTH",12.9918,77.5046,Thimmenahalli,Nagarbhavi,Central,3896,no
33,29200142133,B B M P SAMYUKTHA PU COLLEGE HERUHALLI,"HEROHALLI, SOUTH1, BENGALURU U SOUTH",12.9918,77.5046,Sanjay Gandhi Nagar-42,Peenya - West,West,3998,no
34,29200912615,BBMP HIGH SCHOOL SHANTHINAGAR,Near Indira canteen shanthinagar,12.9571721,77.6006472,Ramanna Garden,KR Market,Central,1678,yes
34,29200912615,BBMP HIGH SCHOOL SHANTHINAGAR,Near Indira canteen shanthinagar,12.9571721,77.6006472,Vinoba nagar,KR Market,Central,1746,no
34,29200912615,BBMP HIGH SCHOOL SHANTHINAGAR,Near Indira canteen shanthinagar,12.9571721,77.6006472,Gurappa Garden,KR Market,Central,1840,no
34,29200912615,BBMP HIGH SCHOOL SHANTHINAGAR,Near Indira canteen shanthinagar,12.9571721,77.6006472,Geetanajali,Koramangala,South,2008,no
34,29200912615,BBMP HIGH SCHOOL SHANTHINAGAR,Near Indira canteen shanthinagar,12.9571721,77.6006472,Rajendra Nagar I,Koramangala,South,2092,no
34,29200912615,BBMP HIGH SCHOOL SHANTHINAGAR,Near Indira canteen shanthinagar,12.9571721,77.6006472,Shastri Nagar,Koramangala,South,2123,no
34,29200912615,BBMP HIGH SCHOOL SHANTHINAGAR,Near Indira canteen shanthinagar,12.9571721,77.6006472,Samatha nagar,Koramangala,South,2169,no
34,29200912615,BBMP HIGH SCHOOL SHANTHINAGAR,Near Indira canteen shanthinagar,12.9571721,77.6006472,Kaveramma temple,Jayanagar,South,2563,no
34,29200912615,BBMP HIGH SCHOOL SHANTHINAGAR,Near Indira canteen shanthinagar,12.9571721,77.6006472,Indira Gandhi slum Ejipura,Koramangala,South,2909,no
34,29200912615,BBMP HIGH SCHOOL SHANTHINAGAR,Near Indira canteen shanthinagar,12.9571721,77.6006472,New Tharagupet,KR Market,Central,3038,no
34,29200912615,BBMP HIGH SCHOOL SHANTHINAGAR,Near Indira canteen shanthinagar,12.9571721,77.6006472,Jolly Mohalla,KR Market,Central,3285,no
34,29200912615,BBMP HIGH SCHOOL SHANTHINAGAR,Near Indira canteen shanthinagar,12.9571721,77.6006472,Himalaya Huts,Majestic,North,3410,no
34,29200912615,BBMP HIGH SCHOOL SHANTHINAGAR,Near Indira canteen shanthinagar,12.9571721,77.6006472,Saw Mill Lane,KR Market,Central,3539,no
34,29200912615,BBMP HIGH SCHOOL SHANTHINAGAR,Near Indira canteen shanthinagar,12.9571721,77.6006472,Bhakshi Garden I & II,KR Market,Central,3561,no
34,29200912615,BBMP HIGH SCHOOL SHANTHINAGAR,Near Indira canteen shanthinagar,12.9571721,77.6006472,Velmurugapuram,KR Market,Central,3613,no
34,29200912615,BBMP HIGH SCHOOL SHANTHINAGAR,Near Indira canteen shanthinagar,12.9571721,77.6006472,Cheluvadipalya,KR Market,Central,3687,no
34,29200912615,BBMP HIGH SCHOOL SHANTHINAGAR,Near Indira canteen shanthinagar,12.9571721,77.6006472,Anandapuram I & II,KR Market,Central,3693,no
34,29200912615,BBMP HIGH SCHOOL SHANTHINAGAR,Near Indira canteen shanthinagar,12.9571721,77.6006472,Urs colony,Jayanagar,South,3722,no
34,29200912615,BBMP HIGH SCHOOL SHANTHINAGAR,Near Indira canteen shanthinagar,12.9571721,77.6006472,Adimoola Compound,KR Market,Central,3749,no
34,29200912615,BBMP HIGH SCHOOL SHANTHINAGAR,Near Indira canteen shanthinagar,12.9571721,77.6006472,Tippu Nagar,KR Market,Central,3776,no
34,29200912615,BBMP HIGH SCHOOL SHANTHINAGAR,Near Indira canteen shanthinagar,12.9571721,77.6006472,Old Pension Mohalla,KR Market,Central,3779,no
34,29200912615,BBMP HIGH SCHOOL SHANTHINAGAR,Near Indira canteen shanthinagar,12.9571721,77.6006472,Giripuram,KR Market,Central,3803,no
34,29200912615,BBMP HIGH SCHOOL SHANTHINAGAR,Near Indira canteen shanthinagar,12.9571721,77.6006472,Sidhartha Nagar,KR Market,Central,3812,no
34,29200912615,BBMP HIGH SCHOOL SHANTHINAGAR,Near Indira canteen shanthinagar,12.9571721,77.6006472,Anjaneya Temple,KR Market,Central,3813,no
34,29200912615,BBMP HIGH SCHOOL SHANTHINAGAR,Near Indira canteen shanthinagar,12.9571721,77.6006472,Bhangi Colony,KR Market,Central,3926,no
35,29200906746,B B M P HPS CHINNAIAHNAPALYA,B B M P HPS CHINNAIAHNAPALYA,12.949199,77.600636,Rajendra Nagar I,Koramangala,South,1728,yes
35,29200906746,B B M P HPS CHINNAIAHNAPALYA,B B M P HPS CHINNAIAHNAPALYA,12.949199,77.600636,Geetanajali,Koramangala,South,1736,no
35,29200906746,B B M P HPS CHINNAIAHNAPALYA,B B M P HPS CHINNAIAHNAPALYA,12.949199,77.600636,Kaveramma temple,Jayanagar,South,1767,no
35,29200906746,B B M P HPS CHINNAIAHNAPALYA,B B M P HPS CHINNAIAHNAPALYA,12.949199,77.600636,Shastri Nagar,Koramangala,South,1889,no
35,29200906746,B B M P HPS CHINNAIAHNAPALYA,B B M P HPS CHINNAIAHNAPALYA,12.949199,77.600636,Vinoba nagar,KR Market,Central,1943,no
35,29200906746,B B M P HPS CHINNAIAHNAPALYA,B B M P HPS CHINNAIAHNAPALYA,12.949199,77.600636,Gurappa Garden,KR Market,Central,2026,no
35,29200906746,B B M P HPS CHINNAIAHNAPALYA,B B M P HPS CHINNAIAHNAPALYA,12.949199,77.600636,Ramanna Garden,KR Market,Central,2035,no
35,29200906746,B B M P HPS CHINNAIAHNAPALYA,B B M P HPS CHINNAIAHNAPALYA,12.949199,77.600636,Samatha nagar,Koramangala,South,2107,no
35,29200906746,B B M P HPS CHINNAIAHNAPALYA,B B M P HPS CHINNAIAHNAPALYA,12.949199,77.600636,Indira Gandhi slum Ejipura,Koramangala,South,2645,no
35,29200906746,B B M P HPS CHINNAIAHNAPALYA,B B M P HPS CHINNAIAHNAPALYA,12.949199,77.600636,Urs colony,Jayanagar,South,2839,no
35,29200906746,B B M P HPS CHINNAIAHNAPALYA,B B M P HPS CHINNAIAHNAPALYA,12.949199,77.600636,Indira G colony,Jayanagar,South,3187,no
35,29200906746,B B M P HPS CHINNAIAHNAPALYA,B B M P HPS CHINNAIAHNAPALYA,12.949199,77.600636,New Tharagupet,KR Market,Central,3300,no
35,29200906746,B B M P HPS CHINNAIAHNAPALYA,B B M P HPS CHINNAIAHNAPALYA,12.949199,77.600636,Jolly Mohalla,KR Market,Central,3634,no
35,29200906746,B B M P HPS CHINNAIAHNAPALYA,B B M P HPS CHINNAIAHNAPALYA,12.949199,77.600636,Siddarth nagar,Anekal,South,3660,no
35,29200906746,B B M P HPS CHINNAIAHNAPALYA,B B M P HPS CHINNAIAHNAPALYA,12.949199,77.600636,Saw Mill Lane,KR Market,Central,3902,no
35,29200906746,B B M P HPS CHINNAIAHNAPALYA,B B M P HPS CHINNAIAHNAPALYA,12.949199,77.600636,Bhakshi Garden I & II,KR Market,Central,3923,no
35,29200906746,B B M P HPS CHINNAIAHNAPALYA,B B M P HPS CHINNAIAHNAPALYA,12.949199,77.600636,Velmurugapuram,KR Market,Central,3934,no
35,29200906746,B B M P HPS CHINNAIAHNAPALYA,B B M P HPS CHINNAIAHNAPALYA,12.949199,77.600636,Anandapuram I & II,KR Market,Central,3935,no
35,29200906746,B B M P HPS CHINNAIAHNAPALYA,B B M P HPS CHINNAIAHNAPALYA,12.949199,77.600636,Adimoola Compound,KR Market,Central,3980,no
35,29200906746,B B M P HPS CHINNAIAHNAPALYA,B B M P HPS CHINNAIAHNAPALYA,12.949199,77.600636,Tippu Nagar,KR Market,Central,3992,no
36,29280600513,BBMP HIGH SCHOOL GANGANAGAR,NEAR NILGIRISGANGANAGARA,13.02365,77.59174,Bhimanna Garden,Byatarayanapura,North,2011,yes
36,29280600513,BBMP HIGH SCHOOL GANGANAGAR,NEAR NILGIRISGANGANAGARA,13.02365,77.59174,Kariyanna Layout,Byatarayanapura,North,2282,no
36,29280600513,BBMP HIGH SCHOOL GANGANAGAR,NEAR NILGIRISGANGANAGARA,13.02365,77.59174,Chiranjeevi Layout,Byatarayanapura,North,2429,no
36,29280600513,BBMP HIGH SCHOOL GANGANAGAR,NEAR NILGIRISGANGANAGARA,13.02365,77.59174,Bhoopsandra,Sanjaynagar,North,2579,no
36,29280600513,BBMP HIGH SCHOOL GANGANAGAR,NEAR NILGIRISGANGANAGARA,13.02365,77.59174,Gas Godown,Sanjaynagar,North,2932,no
36,29280600513,BBMP HIGH SCHOOL GANGANAGAR,NEAR NILGIRISGANGANAGARA,13.02365,77.59174,Veerannapalya,Byatarayanapura,North,2953,no
36,29280600513,BBMP HIGH SCHOOL GANGANAGAR,NEAR NILGIRISGANGANAGARA,13.02365,77.59174,Kuvempu Layout,Byatarayanapura,North,3126,no
36,29280600513,BBMP HIGH SCHOOL GANGANAGAR,NEAR NILGIRISGANGANAGARA,13.02365,77.59174,Anjaneya block,Majestic,North,3365,no
36,29280600513,BBMP HIGH SCHOOL GANGANAGAR,NEAR NILGIRISGANGANAGARA,13.02365,77.59174,Vivekananda block,Majestic,North,3411,no
36,29280600513,BBMP HIGH SCHOOL GANGANAGAR,NEAR NILGIRISGANGANAGARA,13.02365,77.59174,Muneshwara Temple Area,Sanjaynagar,North,3519,no
36,29280600513,BBMP HIGH SCHOOL GANGANAGAR,NEAR NILGIRISGANGANAGARA,13.02365,77.59174,Mariyannapalya,Byatarayanapura,North,3567,no
36,29280600513,BBMP HIGH SCHOOL GANGANAGAR,NEAR NILGIRISGANGANAGARA,13.02365,77.59174,Vinayaka Slum,Peenya - West,West,3772,no
36,29280600513,BBMP HIGH SCHOOL GANGANAGAR,NEAR NILGIRISGANGANAGARA,13.02365,77.59174,Jalageramma Temple,Sanjaynagar,North,3829,no
36,29280600513,BBMP HIGH SCHOOL GANGANAGAR,NEAR NILGIRISGANGANAGARA,13.02365,77.59174,Kanuramma Temple,Sanjaynagar,North,3883,no
36,29280600513,BBMP HIGH SCHOOL GANGANAGAR,NEAR NILGIRISGANGANAGARA,13.02365,77.59174,Defence Layout,Byatarayanapura,North,3962,no
37,29280201716,BBMP HIGH SCHOOL AND COLLAGE BYADARAHALLI,"BBMP HIGH SCHOOL HEROHALLI WARD-72, BYADARAHALLI, BANGALORE-91",12.9846943,77.4812429,Ambedkar Nagar,Yeshwantpur,West,2016,yes
37,29280201716,BBMP HIGH SCHOOL AND COLLAGE BYADARAHALLI,"BBMP HIGH SCHOOL HEROHALLI WARD-72, BYADARAHALLI, BANGALORE-91",12.9846943,77.4812429,New Colony,Ullalu,West,2370,no
37,29280201716,BBMP HIGH SCHOOL AND COLLAGE BYADARAHALLI,"BBMP HIGH SCHOOL HEROHALLI WARD-72, BYADARAHALLI, BANGALORE-91",12.9846943,77.4812429,New Colony II (Venkatappa layout),Ullalu,West,2554,no
37,29280201716,BBMP HIGH SCHOOL AND COLLAGE BYADARAHALLI,"BBMP HIGH SCHOOL HEROHALLI WARD-72, BYADARAHALLI, BANGALORE-91",12.9846943,77.4812429,Maruthi Nagar A,Peenya North,North,3221,no
37,29280201716,BBMP HIGH SCHOOL AND COLLAGE BYADARAHALLI,"BBMP HIGH SCHOOL HEROHALLI WARD-72, BYADARAHALLI, BANGALORE-91",12.9846943,77.4812429,Maruthi Nagar near Bilal Masjid,Peenya North,North,3499,no
37,29280201716,BBMP HIGH SCHOOL AND COLLAGE BYADARAHALLI,"BBMP HIGH SCHOOL HEROHALLI WARD-72, BYADARAHALLI, BANGALORE-91",12.9846943,77.4812429,Maruthi Nagar B,Peenya North,North,3499,no
38,29200111190,CORPORATION GIRLS HIGH SCHOOL,BASAVAGUDI ASHOK NAGAR,12.9379431,77.564849,Sanjay Nagar,JJR Nagar,Central,2324,yes
38,29200111190,CORPORATION GIRLS HIGH SCHOOL,BASAVAGUDI ASHOK NAGAR,12.9379431,77.564849,Narasimaiah Colony,JJR Nagar,Central,2569,no
38,29200111190,CORPORATION GIRLS HIGH SCHOOL,BASAVAGUDI ASHOK NAGAR,12.9379431,77.564849,Tippu Nagar,KR Market,Central,2650,no
38,29200111190,CORPORATION GIRLS HIGH SCHOOL,BASAVAGUDI ASHOK NAGAR,12.9379431,77.564849,Boomatha Seva Sangha,JJR Nagar,Central,2674,no
38,29200111190,CORPORATION GIRLS HIGH SCHOOL,BASAVAGUDI ASHOK NAGAR,12.9379431,77.564849,AK Badavane,JJR Nagar,Central,2692,no
38,29200111190,CORPORATION GIRLS HIGH SCHOOL,BASAVAGUDI ASHOK NAGAR,12.9379431,77.564849,Chamundi Slum,Nagarbhavi,Central,2703,no
38,29200111190,CORPORATION GIRLS HIGH SCHOOL,BASAVAGUDI ASHOK NAGAR,12.9379431,77.564849,Anjaneya Temple,KR Market,Central,2708,no
38,29200111190,CORPORATION GIRLS HIGH SCHOOL,BASAVAGUDI ASHOK NAGAR,12.9379431,77.564849,Adimoola Compound,KR Market,Central,2714,no
38,29200111190,CORPORATION GIRLS HIGH SCHOOL,BASAVAGUDI ASHOK NAGAR,12.9379431,77.564849,Anandapuram I & II,KR Market,Central,2754,no
38,29200111190,CORPORATION GIRLS HIGH SCHOOL,BASAVAGUDI ASHOK NAGAR,12.9379431,77.564849,New Tharagupet,KR Market,Central,2781,no
38,29200111190,CORPORATION GIRLS HIGH SCHOOL,BASAVAGUDI ASHOK NAGAR,12.9379431,77.564849,Giripuram,KR Market,Central,2870,no
38,29200111190,CORPORATION GIRLS HIGH SCHOOL,BASAVAGUDI ASHOK NAGAR,12.9379431,77.564849,Vinayaka Nagar,JJR Nagar,Central,2885,no
38,29200111190,CORPORATION GIRLS HIGH SCHOOL,BASAVAGUDI ASHOK NAGAR,12.9379431,77.564849,Janata Colony,JJR Nagar,Central,2889,no
38,29200111190,CORPORATION GIRLS HIGH SCHOOL,BASAVAGUDI ASHOK NAGAR,12.9379431,77.564849,Farookhiya Nagar I & II,JJR Nagar,Central,2929,no
38,29200111190,CORPORATION GIRLS HIGH SCHOOL,BASAVAGUDI ASHOK NAGAR,12.9379431,77.564849,Gurappa Garden,KR Market,Central,2930,no
38,29200111190,CORPORATION GIRLS HIGH SCHOOL,BASAVAGUDI ASHOK NAGAR,12.9379431,77.564849,JJR Nagar South,Rayapuram,Central,2932,no
38,29200111190,CORPORATION GIRLS HIGH SCHOOL,BASAVAGUDI ASHOK NAGAR,12.9379431,77.564849,AK Colony,JJR Nagar,Central,2947,no
38,29200111190,CORPORATION GIRLS HIGH SCHOOL,BASAVAGUDI ASHOK NAGAR,12.9379431,77.564849,Kaveramma temple,Jayanagar,South,2953,no
38,29200111190,CORPORATION GIRLS HIGH SCHOOL,BASAVAGUDI ASHOK NAGAR,12.9379431,77.564849,Hosakerehalli,Nagarbhavi,Central,2977,no
38,29200111190,CORPORATION GIRLS HIGH SCHOOL,BASAVAGUDI ASHOK NAGAR,12.9379431,77.564849,Old Pension Mohalla,KR Market,Central,2981,no
38,29200111190,CORPORATION GIRLS HIGH SCHOOL,BASAVAGUDI ASHOK NAGAR,12.9379431,77.564849,Vinoba nagar,KR Market,Central,3000,no
38,29200111190,CORPORATION GIRLS HIGH SCHOOL,BASAVAGUDI ASHOK NAGAR,12.9379431,77.564849,Veerabhadra Nagar,Nagarbhavi,Central,3006,no
38,29200111190,CORPORATION GIRLS HIGH SCHOOL,BASAVAGUDI ASHOK NAGAR,12.9379431,77.564849,Anjanappa Garden I & II,KR Market,Central,3023,no
38,29200111190,CORPORATION GIRLS HIGH SCHOOL,BASAVAGUDI ASHOK NAGAR,12.9379431,77.564849,Devarajurs Nagar,JJR Nagar,Central,3038,no
38,29200111190,CORPORATION GIRLS HIGH SCHOOL,BASAVAGUDI ASHOK NAGAR,12.9379431,77.564849,Velmurugapuram,KR Market,Central,3091,no
38,29200111190,CORPORATION GIRLS HIGH SCHOOL,BASAVAGUDI ASHOK NAGAR,12.9379431,77.564849,Cheluvadipalya,KR Market,Central,3120,no
38,29200111190,CORPORATION GIRLS HIGH SCHOOL,BASAVAGUDI ASHOK NAGAR,12.9379431,77.564849,JJR Nagar North,Rayapuram,Central,3125,no
38,29200111190,CORPORATION GIRLS HIGH SCHOOL,BASAVAGUDI ASHOK NAGAR,12.9379431,77.564849,Jolly Mohalla,KR Market,Central,3144,no
38,29200111190,CORPORATION GIRLS HIGH SCHOOL,BASAVAGUDI ASHOK NAGAR,12.9379431,77.564849,Sidhartha Nagar,KR Market,Central,3147,no
38,29200111190,CORPORATION GIRLS HIGH SCHOOL,BASAVAGUDI ASHOK NAGAR,12.9379431,77.564849,Bhangi Colony,KR Market,Central,3157,no
38,29200111190,CORPORATION GIRLS HIGH SCHOOL,BASAVAGUDI ASHOK NAGAR,12.9379431,77.564849,Ganapathi Slum,Nagarbhavi,Central,3184,no
38,29200111190,CORPORATION GIRLS HIGH SCHOOL,BASAVAGUDI ASHOK NAGAR,12.9379431,77.564849,Saw Mill Lane,KR Market,Central,3262,no
38,29200111190,CORPORATION GIRLS HIGH SCHOOL,BASAVAGUDI ASHOK NAGAR,12.9379431,77.564849,Bhakshi Garden I & II,KR Market,Central,3264,no
38,29200111190,CORPORATION GIRLS HIGH SCHOOL,BASAVAGUDI ASHOK NAGAR,12.9379431,77.564849,Venkateshwara slum,Nagarbhavi,Central,3293,no
38,29200111190,CORPORATION GIRLS HIGH SCHOOL,BASAVAGUDI ASHOK NAGAR,12.9379431,77.564849,Ramanna Garden,KR Market,Central,3309,no
38,29200111190,CORPORATION GIRLS HIGH SCHOOL,BASAVAGUDI ASHOK NAGAR,12.9379431,77.564849,Nagamma Nagar,JJR Nagar,Central,3322,no
38,29200111190,CORPORATION GIRLS HIGH SCHOOL,BASAVAGUDI ASHOK NAGAR,12.9379431,77.564849,Harikunte,Rayapuram,Central,3330,no
38,29200111190,CORPORATION GIRLS HIGH SCHOOL,BASAVAGUDI ASHOK NAGAR,12.9379431,77.564849,Arfath Nagar I & II,JJR Nagar,Central,3396,no
38,29200111190,CORPORATION GIRLS HIGH SCHOOL,BASAVAGUDI ASHOK NAGAR,12.9379431,77.564849,7th & 8th Mn Rd Padarayanapura,JJR Nagar,Central,3447,no
38,29200111190,CORPORATION GIRLS HIGH SCHOOL,BASAVAGUDI ASHOK NAGAR,12.9379431,77.564849,Gada,JJR Nagar,Central,3502,no
38,29200111190,CORPORATION GIRLS HIGH SCHOOL,BASAVAGUDI ASHOK NAGAR,12.9379431,77.564849,VS Garden,Rayapuram,Central,3518,no
38,29200111190,CORPORATION GIRLS HIGH SCHOOL,BASAVAGUDI ASHOK NAGAR,12.9379431,77.564849,D'souza Nagar,Nagarbhavi,Central,3530,no
38,29200111190,CORPORATION GIRLS HIGH SCHOOL,BASAVAGUDI ASHOK NAGAR,12.9379431,77.564849,IPD Salappa Layout,Rayapuram,Central,3603,no
38,29200111190,CORPORATION GIRLS HIGH SCHOOL,BASAVAGUDI ASHOK NAGAR,12.9379431,77.564849,Handigudisalu,Majestic,North,3669,no
38,29200111190,CORPORATION GIRLS HIGH SCHOOL,BASAVAGUDI ASHOK NAGAR,12.9379431,77.564849,Indira G colony,Jayanagar,South,3816,no
38,29200111190,CORPORATION GIRLS HIGH SCHOOL,BASAVAGUDI ASHOK NAGAR,12.9379431,77.564849,Keshava Nagar,JJR Nagar,Central,3863,no
38,29200111190,CORPORATION GIRLS HIGH SCHOOL,BASAVAGUDI ASHOK NAGAR,12.9379431,77.564849,Urs colony,Jayanagar,South,3919,no
38,29200111190,CORPORATION GIRLS HIGH SCHOOL,BASAVAGUDI ASHOK NAGAR,12.9379431,77.564849,Vinny Colony,JJR Nagar,Central,3962,no
39,29200912713,CORPORATION HPS ULSOOR,BBMP JOgupalya bANGALORE,12.9726273,77.6305738,Samatha nagar,Koramangala,South,2587,yes
39,29200912713,CORPORATION HPS ULSOOR,BBMP JOgupalya bANGALORE,12.9726273,77.6305738,Shastri Nagar,Koramangala,South,3016,no
39,29200912713,CORPORATION HPS ULSOOR,BBMP JOgupalya bANGALORE,12.9726273,77.6305738,Indira Gandhi slum Ejipura,Koramangala,South,3056,no
39,29200912713,CORPORATION HPS ULSOOR,BBMP JOgupalya bANGALORE,12.9726273,77.6305738,Geetanajali,Koramangala,South,3129,no
39,29200912713,CORPORATION HPS ULSOOR,BBMP JOgupalya bANGALORE,12.9726273,77.6305738,Rajendra Nagar I,Koramangala,South,3333,no
40,29200909204,CORPORATION BOYS HS,BBMP BOYS HISH SCHOOL JOGUPALYA,12.97281,77.63067,Samatha nagar,Koramangala,South,2610,yes
40,29200909204,CORPORATION BOYS HS,BBMP BOYS HISH SCHOOL JOGUPALYA,12.97281,77.63067,Shastri Nagar,Koramangala,South,3039,no
40,29200909204,CORPORATION BOYS HS,BBMP BOYS HISH SCHOOL JOGUPALYA,12.97281,77.63067,Indira Gandhi slum Ejipura,Koramangala,South,3078,no
40,29200909204,CORPORATION BOYS HS,BBMP BOYS HISH SCHOOL JOGUPALYA,12.97281,77.63067,Geetanajali,Koramangala,South,3152,no
40,29200909204,CORPORATION BOYS HS,BBMP BOYS HISH SCHOOL JOGUPALYA,12.97281,77.63067,Rajendra Nagar I,Koramangala,South,3356,no
41,29200903529,BBMP HS GIRLS,"jogupalya, SOUTH3, BENGALURU U SOUTH",12.9739211,77.6300231,Samatha nagar,Koramangala,South,2692,yes
41,29200903529,BBMP HS GIRLS,"jogupalya, SOUTH3, BENGALURU U SOUTH",12.9739211,77.6300231,Shastri Nagar,Koramangala,South,3120,no
41,29200903529,BBMP HS GIRLS,"jogupalya, SOUTH3, BENGALURU U SOUTH",12.9739211,77.6300231,Indira Gandhi slum Ejipura,Koramangala,South,3186,no
41,29200903529,BBMP HS GIRLS,"jogupalya, SOUTH3, BENGALURU U SOUTH",12.9739211,77.6300231,Geetanajali,Koramangala,South,3229,no
41,29200903529,BBMP HS GIRLS,"jogupalya, SOUTH3, BENGALURU U SOUTH",12.9739211,77.6300231,Rajendra Nagar I,Koramangala,South,3435,no
42,29280601370,CORPRATION HPS TASKER TOWN,BBMP HPS TASKERTOWN SHIVAJINAGAR,12.984283,77.601733,Himalaya Huts,Majestic,North,2894,yes
42,29280601370,CORPRATION HPS TASKER TOWN,BBMP HPS TASKERTOWN SHIVAJINAGAR,12.984283,77.601733,VV Giri colony,Majestic,North,2989,no
42,29280601370,CORPRATION HPS TASKER TOWN,BBMP HPS TASKERTOWN SHIVAJINAGAR,12.984283,77.601733,JCW Nagar,Majestic,North,3065,no
42,29280601370,CORPRATION HPS TASKER TOWN,BBMP HPS TASKERTOWN SHIVAJINAGAR,12.984283,77.601733,Rasaldhar Street,Majestic,North,3130,no
42,29280601370,CORPRATION HPS TASKER TOWN,BBMP HPS TASKERTOWN SHIVAJINAGAR,12.984283,77.601733,Vivekananda block,Majestic,North,3157,no
42,29280601370,CORPRATION HPS TASKER TOWN,BBMP HPS TASKERTOWN SHIVAJINAGAR,12.984283,77.601733,Anjaneya block,Majestic,North,3167,no
42,29280601370,CORPRATION HPS TASKER TOWN,BBMP HPS TASKERTOWN SHIVAJINAGAR,12.984283,77.601733,Ramanna Garden,KR Market,Central,3234,no
42,29280601370,CORPRATION HPS TASKER TOWN,BBMP HPS TASKERTOWN SHIVAJINAGAR,12.984283,77.601733,Lakshmanapuri,Majestic,North,3238,no
42,29280601370,CORPRATION HPS TASKER TOWN,BBMP HPS TASKERTOWN SHIVAJINAGAR,12.984283,77.601733,Hanumanthappa Colony,Majestic,North,3282,no
42,29280601370,CORPRATION HPS TASKER TOWN,BBMP HPS TASKERTOWN SHIVAJINAGAR,12.984283,77.601733,Ambedkar Nagar-97,Majestic,North,3398,no
42,29280601370,CORPRATION HPS TASKER TOWN,BBMP HPS TASKERTOWN SHIVAJINAGAR,12.984283,77.601733,Vivekananda Nagar,Majestic,North,3537,no
42,29280601370,CORPRATION HPS TASKER TOWN,BBMP HPS TASKERTOWN SHIVAJINAGAR,12.984283,77.601733,Hanumanthapura,Majestic,North,3560,no
42,29280601370,CORPRATION HPS TASKER TOWN,BBMP HPS TASKERTOWN SHIVAJINAGAR,12.984283,77.601733,Vinoba nagar,KR Market,Central,3569,no
42,29280601370,CORPRATION HPS TASKER TOWN,BBMP HPS TASKERTOWN SHIVAJINAGAR,12.984283,77.601733,Swathanthra Nagar,Majestic,North,3598,no
42,29280601370,CORPRATION HPS TASKER TOWN,BBMP HPS TASKERTOWN SHIVAJINAGAR,12.984283,77.601733,Gurappa Garden,KR Market,Central,3623,no
42,29280601370,CORPRATION HPS TASKER TOWN,BBMP HPS TASKERTOWN SHIVAJINAGAR,12.984283,77.601733,Srirampura,Majestic,North,3655,no
42,29280601370,CORPRATION HPS TASKER TOWN,BBMP HPS TASKERTOWN SHIVAJINAGAR,12.984283,77.601733,Okalipuram,Majestic,North,3701,no
42,29280601370,CORPRATION HPS TASKER TOWN,BBMP HPS TASKERTOWN SHIVAJINAGAR,12.984283,77.601733,Valluvarpurm,Majestic,North,3713,no
42,29280601370,CORPRATION HPS TASKER TOWN,BBMP HPS TASKERTOWN SHIVAJINAGAR,12.984283,77.601733,RKS,Majestic,North,3787,no
42,29280601370,CORPRATION HPS TASKER TOWN,BBMP HPS TASKERTOWN SHIVAJINAGAR,12.984283,77.601733,Gawtham Nagar,Majestic,North,3793,no
42,29280601370,CORPRATION HPS TASKER TOWN,BBMP HPS TASKERTOWN SHIVAJINAGAR,12.984283,77.601733,Kasturi Nagar,Majestic,North,3801,no
42,29280601370,CORPRATION HPS TASKER TOWN,BBMP HPS TASKERTOWN SHIVAJINAGAR,12.984283,77.601733,Railway Station/Ambedkar Nagar,Majestic,North,3819,no
42,29280601370,CORPRATION HPS TASKER TOWN,BBMP HPS TASKERTOWN SHIVAJINAGAR,12.984283,77.601733,Jolly Mohalla,KR Market,Central,3883,no
42,29280601370,CORPRATION HPS TASKER TOWN,BBMP HPS TASKERTOWN SHIVAJINAGAR,12.984283,77.601733,VST colony,Majestic,North,3981,no
42,29280601370,CORPRATION HPS TASKER TOWN,BBMP HPS TASKERTOWN SHIVAJINAGAR,12.984283,77.601733,Saw Mill Lane,KR Market,Central,3986,no
43,29280601369,CORPRATION H S TASKER TOWN,SHIVAJINAGARtasker town,12.984338,77.601813,Himalaya Huts,Majestic,North,2904,yes
43,29280601369,CORPRATION H S TASKER TOWN,SHIVAJINAGARtasker town,12.984338,77.601813,VV Giri colony,Majestic,North,2997,no
43,29280601369,CORPRATION H S TASKER TOWN,SHIVAJINAGARtasker town,12.984338,77.601813,JCW Nagar,Majestic,North,3074,no
43,29280601369,CORPRATION H S TASKER TOWN,SHIVAJINAGARtasker town,12.984338,77.601813,Rasaldhar Street,Majestic,North,3138,no
43,29280601369,CORPRATION H S TASKER TOWN,SHIVAJINAGARtasker town,12.984338,77.601813,Vivekananda block,Majestic,North,3162,no
43,29280601369,CORPRATION H S TASKER TOWN,SHIVAJINAGARtasker town,12.984338,77.601813,Anjaneya block,Majestic,North,3171,no
43,29280601369,CORPRATION H S TASKER TOWN,SHIVAJINAGARtasker town,12.984338,77.601813,Ramanna Garden,KR Market,Central,3244,no
43,29280601369,CORPRATION H S TASKER TOWN,SHIVAJINAGARtasker town,12.984338,77.601813,Lakshmanapuri,Majestic,North,3247,no
43,29280601369,CORPRATION H S TASKER TOWN,SHIVAJINAGARtasker town,12.984338,77.601813,Hanumanthappa Colony,Majestic,North,3291,no
43,29280601369,CORPRATION H S TASKER TOWN,SHIVAJINAGARtasker town,12.984338,77.601813,Ambedkar Nagar-97,Majestic,North,3407,no
43,29280601369,CORPRATION H S TASKER TOWN,SHIVAJINAGARtasker town,12.984338,77.601813,Vivekananda Nagar,Majestic,North,3545,no
43,29280601369,CORPRATION H S TASKER TOWN,SHIVAJINAGARtasker town,12.984338,77.601813,Hanumanthapura,Majestic,North,3568,no
43,29280601369,CORPRATION H S TASKER TOWN,SHIVAJINAGARtasker town,12.984338,77.601813,Vinoba nagar,KR Market,Central,3579,no
43,29280601369,CORPRATION H S TASKER TOWN,SHIVAJINAGARtasker town,12.984338,77.601813,Swathanthra Nagar,Majestic,North,3605,no
43,29280601369,CORPRATION H S TASKER TOWN,SHIVAJINAGARtasker town,12.984338,77.601813,Gurappa Garden,KR Market,Central,3633,no
43,29280601369,CORPRATION H S TASKER TOWN,SHIVAJINAGARtasker town,12.984338,77.601813,Srirampura,Majestic,North,3663,no
43,29280601369,CORPRATION H S TASKER TOWN,SHIVAJINAGARtasker town,12.984338,77.601813,Okalipuram,Majestic,North,3710,no
43,29280601369,CORPRATION H S TASKER TOWN,SHIVAJINAGARtasker town,12.984338,77.601813,Valluvarpurm,Majestic,North,3720,no
43,29280601369,CORPRATION H S TASKER TOWN,SHIVAJINAGARtasker town,12.984338,77.601813,RKS,Majestic,North,3795,no
43,29280601369,CORPRATION H S TASKER TOWN,SHIVAJINAGARtasker town,12.984338,77.601813,Gawtham Nagar,Majestic,North,3801,no
43,29280601369,CORPRATION H S TASKER TOWN,SHIVAJINAGARtasker town,12.984338,77.601813,Kasturi Nagar,Majestic,North,3809,no
43,29280601369,CORPRATION H S TASKER TOWN,SHIVAJINAGARtasker town,12.984338,77.601813,Railway Station/Ambedkar Nagar,Majestic,North,3826,no
43,29280601369,CORPRATION H S TASKER TOWN,SHIVAJINAGARtasker town,12.984338,77.601813,Jolly Mohalla,KR Market,Central,3894,no
43,29280601369,CORPRATION H S TASKER TOWN,SHIVAJINAGARtasker town,12.984338,77.601813,VST colony,Majestic,North,3991,no
43,29280601369,CORPRATION H S TASKER TOWN,SHIVAJINAGARtasker town,12.984338,77.601813,Saw Mill Lane,KR Market,Central,3997,no
44,29280601211,B B M P GIRLS HS HYSALA NAGA,BBMP HOYSALA NAGARA WARD-80,12.97929,77.62805,Samatha nagar,Koramangala,South,3180,yes
44,29280601211,B B M P GIRLS HS HYSALA NAGA,BBMP HOYSALA NAGARA WARD-80,12.97929,77.62805,Shastri Nagar,Koramangala,South,3601,no
44,29280601211,B B M P GIRLS HS HYSALA NAGA,BBMP HOYSALA NAGARA WARD-80,12.97929,77.62805,Geetanajali,Koramangala,South,3694,no
44,29280601211,B B M P GIRLS HS HYSALA NAGA,BBMP HOYSALA NAGARA WARD-80,12.97929,77.62805,Indira Gandhi slum Ejipura,Koramangala,South,3748,no
44,29280601211,B B M P GIRLS HS HYSALA NAGA,BBMP HOYSALA NAGARA WARD-80,12.97929,77.62805,Rajendra Nagar I,Koramangala,South,3906,no
45,29280601305,HAFEEZIA COPN GHPS URDU SHIVAJI NAG,"aa, NORTH3, BENGALURU U NORTH",12.98799,77.604086,Vivekananda block,Majestic,North,3233,yes
45,29280601305,HAFEEZIA COPN GHPS URDU SHIVAJI NAG,"aa, NORTH3, BENGALURU U NORTH",12.98799,77.604086,Anjaneya block,Majestic,North,3235,no
45,29280601305,HAFEEZIA COPN GHPS URDU SHIVAJI NAG,"aa, NORTH3, BENGALURU U NORTH",12.98799,77.604086,VV Giri colony,Majestic,North,3267,no
45,29280601305,HAFEEZIA COPN GHPS URDU SHIVAJI NAG,"aa, NORTH3, BENGALURU U NORTH",12.98799,77.604086,Himalaya Huts,Majestic,North,3276,no
45,29280601305,HAFEEZIA COPN GHPS URDU SHIVAJI NAG,"aa, NORTH3, BENGALURU U NORTH",12.98799,77.604086,JCW Nagar,Majestic,North,3355,no
45,29280601305,HAFEEZIA COPN GHPS URDU SHIVAJI NAG,"aa, NORTH3, BENGALURU U NORTH",12.98799,77.604086,Rasaldhar Street,Majestic,North,3389,no
45,29280601305,HAFEEZIA COPN GHPS URDU SHIVAJI NAG,"aa, NORTH3, BENGALURU U NORTH",12.98799,77.604086,Lakshmanapuri,Majestic,North,3547,no
45,29280601305,HAFEEZIA COPN GHPS URDU SHIVAJI NAG,"aa, NORTH3, BENGALURU U NORTH",12.98799,77.604086,Hanumanthappa Colony,Majestic,North,3549,no
45,29280601305,HAFEEZIA COPN GHPS URDU SHIVAJI NAG,"aa, NORTH3, BENGALURU U NORTH",12.98799,77.604086,Ambedkar Nagar-97,Majestic,North,3687,no
45,29280601305,HAFEEZIA COPN GHPS URDU SHIVAJI NAG,"aa, NORTH3, BENGALURU U NORTH",12.98799,77.604086,Ramanna Garden,KR Market,Central,3718,no
45,29280601305,HAFEEZIA COPN GHPS URDU SHIVAJI NAG,"aa, NORTH3, BENGALURU U NORTH",12.98799,77.604086,Hanumanthapura,Majestic,North,3794,no
45,29280601305,HAFEEZIA COPN GHPS URDU SHIVAJI NAG,"aa, NORTH3, BENGALURU U NORTH",12.98799,77.604086,Vivekananda Nagar,Majestic,North,3795,no
45,29280601305,HAFEEZIA COPN GHPS URDU SHIVAJI NAG,"aa, NORTH3, BENGALURU U NORTH",12.98799,77.604086,Swathanthra Nagar,Majestic,North,3803,no
45,29280601305,HAFEEZIA COPN GHPS URDU SHIVAJI NAG,"aa, NORTH3, BENGALURU U NORTH",12.98799,77.604086,Valluvarpurm,Majestic,North,3866,no
45,29280601305,HAFEEZIA COPN GHPS URDU SHIVAJI NAG,"aa, NORTH3, BENGALURU U NORTH",12.98799,77.604086,Srirampura,Majestic,North,3871,no
45,29280601305,HAFEEZIA COPN GHPS URDU SHIVAJI NAG,"aa, NORTH3, BENGALURU U NORTH",12.98799,77.604086,Okalipuram,Majestic,North,3983,no
45,29280601305,HAFEEZIA COPN GHPS URDU SHIVAJI NAG,"aa, NORTH3, BENGALURU U NORTH",12.98799,77.604086,RKS,Majestic,North,3996,no
46,29280601352,BBMP HIGH SCHOOL BROADWAY,BBMP.HS.BROADWAY RD.NEAR PRIMARY HEALTH CENTRE,12.98802,77.60411,Vivekananda block,Majestic,North,3235,yes
46,29280601352,BBMP HIGH SCHOOL BROADWAY,BBMP.HS.BROADWAY RD.NEAR PRIMARY HEALTH CENTRE,12.98802,77.60411,Anjaneya block,Majestic,North,3236,no
46,29280601352,BBMP HIGH SCHOOL BROADWAY,BBMP.HS.BROADWAY RD.NEAR PRIMARY HEALTH CENTRE,12.98802,77.60411,VV Giri colony,Majestic,North,3270,no
46,29280601352,BBMP HIGH SCHOOL BROADWAY,BBMP.HS.BROADWAY RD.NEAR PRIMARY HEALTH CENTRE,12.98802,77.60411,Himalaya Huts,Majestic,North,3280,no
46,29280601352,BBMP HIGH SCHOOL BROADWAY,BBMP.HS.BROADWAY RD.NEAR PRIMARY HEALTH CENTRE,12.98802,77.60411,JCW Nagar,Majestic,North,3358,no
46,29280601352,BBMP HIGH SCHOOL BROADWAY,BBMP.HS.BROADWAY RD.NEAR PRIMARY HEALTH CENTRE,12.98802,77.60411,Rasaldhar Street,Majestic,North,3392,no
46,29280601352,BBMP HIGH SCHOOL BROADWAY,BBMP.HS.BROADWAY RD.NEAR PRIMARY HEALTH CENTRE,12.98802,77.60411,Lakshmanapuri,Majestic,North,3550,no
46,29280601352,BBMP HIGH SCHOOL BROADWAY,BBMP.HS.BROADWAY RD.NEAR PRIMARY HEALTH CENTRE,12.98802,77.60411,Hanumanthappa Colony,Majestic,North,3552,no
46,29280601352,BBMP HIGH SCHOOL BROADWAY,BBMP.HS.BROADWAY RD.NEAR PRIMARY HEALTH CENTRE,12.98802,77.60411,Ambedkar Nagar-97,Majestic,North,3690,no
46,29280601352,BBMP HIGH SCHOOL BROADWAY,BBMP.HS.BROADWAY RD.NEAR PRIMARY HEALTH CENTRE,12.98802,77.60411,Ramanna Garden,KR Market,Central,3722,no
46,29280601352,BBMP HIGH SCHOOL BROADWAY,BBMP.HS.BROADWAY RD.NEAR PRIMARY HEALTH CENTRE,12.98802,77.60411,Hanumanthapura,Majestic,North,3796,no
46,29280601352,BBMP HIGH SCHOOL BROADWAY,BBMP.HS.BROADWAY RD.NEAR PRIMARY HEALTH CENTRE,12.98802,77.60411,Vivekananda Nagar,Majestic,North,3798,no
46,29280601352,BBMP HIGH SCHOOL BROADWAY,BBMP.HS.BROADWAY RD.NEAR PRIMARY HEALTH CENTRE,12.98802,77.60411,Swathanthra Nagar,Majestic,North,3805,no
46,29280601352,BBMP HIGH SCHOOL BROADWAY,BBMP.HS.BROADWAY RD.NEAR PRIMARY HEALTH CENTRE,12.98802,77.60411,Valluvarpurm,Majestic,North,3868,no
46,29280601352,BBMP HIGH SCHOOL BROADWAY,BBMP.HS.BROADWAY RD.NEAR PRIMARY HEALTH CENTRE,12.98802,77.60411,Srirampura,Majestic,North,3874,no
46,29280601352,BBMP HIGH SCHOOL BROADWAY,BBMP.HS.BROADWAY RD.NEAR PRIMARY HEALTH CENTRE,12.98802,77.60411,Okalipuram,Majestic,North,3986,no
46,29280601352,BBMP HIGH SCHOOL BROADWAY,BBMP.HS.BROADWAY RD.NEAR PRIMARY HEALTH CENTRE,12.98802,77.60411,RKS,Majestic,North,3999,no
47,29280601351,BBMP GIRLS H S DISPENSAY ROAD,"bbmp girls high school,dispenssary road, shivjinagar",12.98182,77.6071,Ramanna Garden,KR Market,Central,3383,yes
47,29280601351,BBMP GIRLS H S DISPENSAY ROAD,"bbmp girls high school,dispenssary road, shivjinagar",12.98182,77.6071,Himalaya Huts,Majestic,North,3396,no
47,29280601351,BBMP GIRLS H S DISPENSAY ROAD,"bbmp girls high school,dispenssary road, shivjinagar",12.98182,77.6071,VV Giri colony,Majestic,North,3582,no
47,29280601351,BBMP GIRLS H S DISPENSAY ROAD,"bbmp girls high school,dispenssary road, shivjinagar",12.98182,77.6071,Samatha nagar,Koramangala,South,3613,no
47,29280601351,BBMP GIRLS H S DISPENSAY ROAD,"bbmp girls high school,dispenssary road, shivjinagar",12.98182,77.6071,JCW Nagar,Majestic,North,3651,no
47,29280601351,BBMP GIRLS H S DISPENSAY ROAD,"bbmp girls high school,dispenssary road, shivjinagar",12.98182,77.6071,Vinoba nagar,KR Market,Central,3695,no
47,29280601351,BBMP GIRLS H S DISPENSAY ROAD,"bbmp girls high school,dispenssary road, shivjinagar",12.98182,77.6071,Rasaldhar Street,Majestic,North,3733,no
47,29280601351,BBMP GIRLS H S DISPENSAY ROAD,"bbmp girls high school,dispenssary road, shivjinagar",12.98182,77.6071,Gurappa Garden,KR Market,Central,3761,no
47,29280601351,BBMP GIRLS H S DISPENSAY ROAD,"bbmp girls high school,dispenssary road, shivjinagar",12.98182,77.6071,Vivekananda block,Majestic,North,3800,no
47,29280601351,BBMP GIRLS H S DISPENSAY ROAD,"bbmp girls high school,dispenssary road, shivjinagar",12.98182,77.6071,Anjaneya block,Majestic,North,3809,no
47,29280601351,BBMP GIRLS H S DISPENSAY ROAD,"bbmp girls high school,dispenssary road, shivjinagar",12.98182,77.6071,Lakshmanapuri,Majestic,North,3810,no
47,29280601351,BBMP GIRLS H S DISPENSAY ROAD,"bbmp girls high school,dispenssary road, shivjinagar",12.98182,77.6071,Hanumanthappa Colony,Majestic,North,3881,no
47,29280601351,BBMP GIRLS H S DISPENSAY ROAD,"bbmp girls high school,dispenssary road, shivjinagar",12.98182,77.6071,Shastri Nagar,Koramangala,South,3900,no
47,29280601351,BBMP GIRLS H S DISPENSAY ROAD,"bbmp girls high school,dispenssary road, shivjinagar",12.98182,77.6071,Geetanajali,Koramangala,South,3900,no
47,29280601351,BBMP GIRLS H S DISPENSAY ROAD,"bbmp girls high school,dispenssary road, shivjinagar",12.98182,77.6071,Ambedkar Nagar-97,Majestic,North,3982,no
48,29280600731,"BBMP PU COLLEGE FOR GIRLS,DISPENSARY RAOD",DISPENSARY ROAD SHIVAJINAGARBANGALURU 01,13.0119942,77.6232683,Veerannapalya,Byatarayanapura,North,3592,yes
49,29280601815,CORP URD HPS NARAYANPILLE STREET,BBMP URDU HIGHER PRIMARY SCHOOL NP STREET BHARATHI NAGARN P STREET,12.98998,77.61017,Anjaneya block,Majestic,North,3808,yes
49,29280601815,CORP URD HPS NARAYANPILLE STREET,BBMP URDU HIGHER PRIMARY SCHOOL NP STREET BHARATHI NAGARN P STREET,12.98998,77.61017,Vivekananda block,Majestic,North,3811,no
49,29280601815,CORP URD HPS NARAYANPILLE STREET,BBMP URDU HIGHER PRIMARY SCHOOL NP STREET BHARATHI NAGARN P STREET,12.98998,77.61017,VV Giri colony,Majestic,North,3950,no
49,29280601815,CORP URD HPS NARAYANPILLE STREET,BBMP URDU HIGHER PRIMARY SCHOOL NP STREET BHARATHI NAGARN P STREET,12.98998,77.61017,Himalaya Huts,Majestic,North,3970,no
50,29280602544,CORPORATION HIGH SCHOOL PILLANNA GARDEN,CORPORATION GIRLS HIGH SCHOOL CLEVELAND TOWN BENGALURU 560005,13.007404,77.614131,Veerannapalya,Byatarayanapura,North,3873,yes
51,29280602179,BBMP PU COLLEGE FOR GIRLS,CLEAVELAND TOWN ROBERTSON ROAD PULIKESHI NAGAR 560005,13.000152,77.611725,Anjaneya block,Majestic,North,3891,yes
51,29280602179,BBMP PU COLLEGE FOR GIRLS,CLEAVELAND TOWN ROBERTSON ROAD PULIKESHI NAGAR 560005,13.000152,77.611725,Vivekananda block,Majestic,North,3908,no
52,29280602232,BBMP GIRLS HIGH SCHOOL,BBMP GIRLS HIGH SCHOOL THIMMAIAH ROAD BHARATHI NAGARA JAYAMAHAL,12.999457,77.612266,Anjaneya block,Majestic,North,3944,yes
52,29280602232,BBMP GIRLS HIGH SCHOOL,BBMP GIRLS HIGH SCHOOL THIMMAIAH ROAD BHARATHI NAGARA JAYAMAHAL,12.999457,77.612266,Vivekananda block,Majestic,North,3960,no
53,29280602130,CORP GIRLS HIGH SCHOOL,BBMP GIRLS HIGH SCHOOL CLEVELAND TOWN BANGALORE-560005.,12.99938,77.61239,Anjaneya block,Majestic,North,3957,yes
53,29280602130,CORP GIRLS HIGH SCHOOL,BBMP GIRLS HIGH SCHOOL CLEVELAND TOWN BANGALORE-560005.,12.99938,77.61239,Vivekananda block,Majestic,North,3973,no
54,29280600818,B B M P COXTOWN H S,BBMP HIGH SCHOOL COXTOWN BENGALURU 560005,12.99576,77.62285,Samatha nagar,Koramangala,South,4897,yes
55,29200800642,BANGALORE MAHANAGARA PALIKE GIRLS GPU COMPOSITE COLLEGE BANAPPA PARK,", SOUTH2, BENGALURU U SOUTH",12.9859732,77.691656,Jyothika Behind Debris,Bellandur,South,5086,yes
56,29200804414,CORPORATION GIRLS PU COL,SANGAM CIRCLE GORIPALYABANGALORE 560026,13.0736045,77.6957209,Bagalur,Bagalur,North,7241,yes